"condition","red","green","blue","redness_dichotom","redness_rating","File","gender","age","student","psycho","saturation"
"unidirectional",158,106,98,0,15,"001_stevens.dat","w",20,1,1,35
"unidirectional",255,23,45,1,25,"001_stevens.dat","w",20,1,1,85
"unidirectional",146,109,103,0,18,"001_stevens.dat","w",20,1,1,25
"unidirectional",136,113,108,0,25,"001_stevens.dat","w",20,1,1,15
"unidirectional",158,106,98,0,14,"001_stevens.dat","w",20,1,1,35
"unidirectional",219,71,65,1,22,"001_stevens.dat","w",20,1,1,75
"unidirectional",255,23,45,1,30,"001_stevens.dat","w",20,1,1,85
"unidirectional",169,101,93,0,11,"001_stevens.dat","w",20,1,1,45
"unidirectional",169,101,93,0,11,"001_stevens.dat","w",20,1,1,45
"unidirectional",255,23,45,1,25,"001_stevens.dat","w",20,1,1,85
"unidirectional",158,106,98,0,14,"001_stevens.dat","w",20,1,1,35
"unidirectional",146,109,103,0,17,"001_stevens.dat","w",20,1,1,25
"unidirectional",219,71,65,1,18,"001_stevens.dat","w",20,1,1,75
"unidirectional",136,113,108,0,25,"001_stevens.dat","w",20,1,1,15
"unidirectional",255,23,45,1,23,"001_stevens.dat","w",20,1,1,85
"unidirectional",181,95,85,1,13,"001_stevens.dat","w",20,1,1,55
"unidirectional",158,106,98,0,12,"001_stevens.dat","w",20,1,1,35
"unidirectional",136,113,108,0,24,"001_stevens.dat","w",20,1,1,15
"unidirectional",197,86,77,1,16,"001_stevens.dat","w",20,1,1,65
"unidirectional",181,95,85,1,12,"001_stevens.dat","w",20,1,1,55
"unidirectional",169,101,93,0,11,"001_stevens.dat","w",20,1,1,45
"unidirectional",197,86,77,1,15,"001_stevens.dat","w",20,1,1,65
"unidirectional",169,101,93,0,11,"001_stevens.dat","w",20,1,1,45
"unidirectional",255,23,45,1,25,"001_stevens.dat","w",20,1,1,85
"unidirectional",146,109,103,0,20,"001_stevens.dat","w",20,1,1,25
"unidirectional",219,71,65,1,18,"001_stevens.dat","w",20,1,1,75
"unidirectional",197,86,77,1,17,"001_stevens.dat","w",20,1,1,65
"unidirectional",197,86,77,1,17,"001_stevens.dat","w",20,1,1,65
"unidirectional",197,86,77,1,16,"001_stevens.dat","w",20,1,1,65
"unidirectional",169,101,93,0,11,"001_stevens.dat","w",20,1,1,45
"unidirectional",181,95,85,1,13,"001_stevens.dat","w",20,1,1,55
"unidirectional",219,71,65,1,17,"001_stevens.dat","w",20,1,1,75
"unidirectional",181,95,85,1,12,"001_stevens.dat","w",20,1,1,55
"unidirectional",136,113,108,0,28,"001_stevens.dat","w",20,1,1,15
"unidirectional",146,109,103,0,21,"001_stevens.dat","w",20,1,1,25
"unidirectional",136,113,108,0,26,"001_stevens.dat","w",20,1,1,15
"unidirectional",158,106,98,0,14,"001_stevens.dat","w",20,1,1,35
"unidirectional",181,95,85,1,12,"001_stevens.dat","w",20,1,1,55
"unidirectional",146,109,103,0,15,"001_stevens.dat","w",20,1,1,25
"unidirectional",219,71,65,1,18,"001_stevens.dat","w",20,1,1,75
"standard",158,106,98,-999,8,"002_stevens.dat","m",19,1,0,35
"standard",136,113,108,-999,3.5,"002_stevens.dat","m",19,1,0,15
"standard",219,71,65,-999,18,"002_stevens.dat","m",19,1,0,75
"standard",136,113,108,-999,3.5,"002_stevens.dat","m",19,1,0,15
"standard",219,71,65,-999,20,"002_stevens.dat","m",19,1,0,75
"standard",169,101,93,-999,9,"002_stevens.dat","m",19,1,0,45
"standard",255,23,45,-999,50,"002_stevens.dat","m",19,1,0,85
"standard",158,106,98,-999,8,"002_stevens.dat","m",19,1,0,35
"standard",197,86,77,-999,15,"002_stevens.dat","m",19,1,0,65
"standard",197,86,77,-999,14,"002_stevens.dat","m",19,1,0,65
"standard",219,71,65,-999,17,"002_stevens.dat","m",19,1,0,75
"standard",146,109,103,-999,3,"002_stevens.dat","m",19,1,0,25
"standard",197,86,77,-999,15,"002_stevens.dat","m",19,1,0,65
"standard",158,106,98,-999,7.5,"002_stevens.dat","m",19,1,0,35
"standard",146,109,103,-999,4,"002_stevens.dat","m",19,1,0,25
"standard",169,101,93,-999,9,"002_stevens.dat","m",19,1,0,45
"standard",146,109,103,-999,4,"002_stevens.dat","m",19,1,0,25
"standard",181,95,85,-999,12,"002_stevens.dat","m",19,1,0,55
"standard",169,101,93,-999,9,"002_stevens.dat","m",19,1,0,45
"standard",181,95,85,-999,12,"002_stevens.dat","m",19,1,0,55
"standard",197,86,77,-999,15,"002_stevens.dat","m",19,1,0,65
"standard",255,23,45,-999,50,"002_stevens.dat","m",19,1,0,85
"standard",255,23,45,-999,50,"002_stevens.dat","m",19,1,0,85
"standard",169,101,93,-999,9,"002_stevens.dat","m",19,1,0,45
"standard",169,101,93,-999,9,"002_stevens.dat","m",19,1,0,45
"standard",146,109,103,-999,1,"002_stevens.dat","m",19,1,0,25
"standard",255,23,45,-999,30,"002_stevens.dat","m",19,1,0,85
"standard",255,23,45,-999,40,"002_stevens.dat","m",19,1,0,85
"standard",197,86,77,-999,18,"002_stevens.dat","m",19,1,0,65
"standard",181,95,85,-999,11,"002_stevens.dat","m",19,1,0,55
"standard",136,113,108,-999,0.5,"002_stevens.dat","m",19,1,0,15
"standard",158,106,98,-999,5,"002_stevens.dat","m",19,1,0,35
"standard",181,95,85,-999,13,"002_stevens.dat","m",19,1,0,55
"standard",219,71,65,-999,25,"002_stevens.dat","m",19,1,0,75
"standard",136,113,108,-999,1,"002_stevens.dat","m",19,1,0,15
"standard",146,109,103,-999,2,"002_stevens.dat","m",19,1,0,25
"standard",219,71,65,-999,25,"002_stevens.dat","m",19,1,0,75
"standard",181,95,85,-999,15,"002_stevens.dat","m",19,1,0,55
"standard",158,106,98,-999,5,"002_stevens.dat","m",19,1,0,35
"standard",136,113,108,-999,1,"002_stevens.dat","m",19,1,0,15
"unidirectional",255,23,45,1,30,"003_stevens.dat","w",18,1,0,85
"unidirectional",136,113,108,0,30,"003_stevens.dat","w",18,1,0,15
"unidirectional",181,95,85,1,15,"003_stevens.dat","w",18,1,0,55
"unidirectional",197,86,77,1,20,"003_stevens.dat","w",18,1,0,65
"unidirectional",146,109,103,0,15,"003_stevens.dat","w",18,1,0,25
"unidirectional",146,109,103,0,20,"003_stevens.dat","w",18,1,0,25
"unidirectional",197,86,77,1,20,"003_stevens.dat","w",18,1,0,65
"unidirectional",255,23,45,1,30,"003_stevens.dat","w",18,1,0,85
"unidirectional",197,86,77,1,15,"003_stevens.dat","w",18,1,0,65
"unidirectional",181,95,85,1,15,"003_stevens.dat","w",18,1,0,55
"unidirectional",146,109,103,0,15,"003_stevens.dat","w",18,1,0,25
"unidirectional",169,101,93,0,11,"003_stevens.dat","w",18,1,0,45
"unidirectional",158,106,98,0,15,"003_stevens.dat","w",18,1,0,35
"unidirectional",169,101,93,0,11,"003_stevens.dat","w",18,1,0,45
"unidirectional",169,101,93,0,11,"003_stevens.dat","w",18,1,0,45
"unidirectional",158,106,98,0,13,"003_stevens.dat","w",18,1,0,35
"unidirectional",197,86,77,1,15,"003_stevens.dat","w",18,1,0,65
"unidirectional",255,23,45,1,25,"003_stevens.dat","w",18,1,0,85
"unidirectional",219,71,65,1,15,"003_stevens.dat","w",18,1,0,75
"unidirectional",181,95,85,1,11,"003_stevens.dat","w",18,1,0,55
"unidirectional",181,95,85,1,11,"003_stevens.dat","w",18,1,0,55
"unidirectional",169,101,93,0,11,"003_stevens.dat","w",18,1,0,45
"unidirectional",146,109,103,0,15,"003_stevens.dat","w",18,1,0,25
"unidirectional",255,23,45,1,20,"003_stevens.dat","w",18,1,0,85
"unidirectional",181,95,85,1,15,"003_stevens.dat","w",18,1,0,55
"unidirectional",219,71,65,1,15,"003_stevens.dat","w",18,1,0,75
"unidirectional",158,106,98,0,11,"003_stevens.dat","w",18,1,0,35
"unidirectional",219,71,65,1,15,"003_stevens.dat","w",18,1,0,75
"unidirectional",219,71,65,1,20,"003_stevens.dat","w",18,1,0,75
"unidirectional",146,109,103,0,20,"003_stevens.dat","w",18,1,0,25
"unidirectional",136,113,108,0,20,"003_stevens.dat","w",18,1,0,15
"unidirectional",158,106,98,0,15,"003_stevens.dat","w",18,1,0,35
"unidirectional",255,23,45,1,20,"003_stevens.dat","w",18,1,0,85
"unidirectional",169,101,93,0,11,"003_stevens.dat","w",18,1,0,45
"unidirectional",136,113,108,0,20,"003_stevens.dat","w",18,1,0,15
"unidirectional",158,106,98,0,15,"003_stevens.dat","w",18,1,0,35
"unidirectional",136,113,108,0,20,"003_stevens.dat","w",18,1,0,15
"unidirectional",136,113,108,0,20,"003_stevens.dat","w",18,1,0,15
"unidirectional",197,86,77,1,15,"003_stevens.dat","w",18,1,0,65
"unidirectional",219,71,65,1,20,"003_stevens.dat","w",18,1,0,75
"standard",255,23,45,-999,20,"004_stevens.dat","w",20,1,0,85
"standard",169,101,93,-999,0,"004_stevens.dat","w",20,1,0,45
"standard",197,86,77,-999,12,"004_stevens.dat","w",20,1,0,65
"standard",197,86,77,-999,12,"004_stevens.dat","w",20,1,0,65
"standard",255,23,45,-999,30,"004_stevens.dat","w",20,1,0,85
"standard",219,71,65,-999,20,"004_stevens.dat","w",20,1,0,75
"standard",146,109,103,-999,1,"004_stevens.dat","w",20,1,0,25
"standard",197,86,77,-999,20,"004_stevens.dat","w",20,1,0,65
"standard",197,86,77,-999,20,"004_stevens.dat","w",20,1,0,65
"standard",219,71,65,-999,30,"004_stevens.dat","w",20,1,0,75
"standard",136,113,108,-999,0,"004_stevens.dat","w",20,1,0,15
"standard",136,113,108,-999,0,"004_stevens.dat","w",20,1,0,15
"standard",136,113,108,-999,0,"004_stevens.dat","w",20,1,0,15
"standard",136,113,108,-999,0,"004_stevens.dat","w",20,1,0,15
"standard",255,23,45,-999,30,"004_stevens.dat","w",20,1,0,85
"standard",158,106,98,-999,10,"004_stevens.dat","w",20,1,0,35
"standard",169,101,93,-999,10,"004_stevens.dat","w",20,1,0,45
"standard",169,101,93,-999,10,"004_stevens.dat","w",20,1,0,45
"standard",169,101,93,-999,10,"004_stevens.dat","w",20,1,0,45
"standard",146,109,103,-999,7,"004_stevens.dat","w",20,1,0,25
"standard",158,106,98,-999,4,"004_stevens.dat","w",20,1,0,35
"standard",255,23,45,-999,30,"004_stevens.dat","w",20,1,0,85
"standard",146,109,103,-999,0,"004_stevens.dat","w",20,1,0,25
"standard",181,95,85,-999,10,"004_stevens.dat","w",20,1,0,55
"standard",169,101,93,-999,10,"004_stevens.dat","w",20,1,0,45
"standard",181,95,85,-999,10,"004_stevens.dat","w",20,1,0,55
"standard",255,23,45,-999,30,"004_stevens.dat","w",20,1,0,85
"standard",146,109,103,-999,0,"004_stevens.dat","w",20,1,0,25
"standard",158,106,98,-999,4,"004_stevens.dat","w",20,1,0,35
"standard",158,106,98,-999,4,"004_stevens.dat","w",20,1,0,35
"standard",181,95,85,-999,10,"004_stevens.dat","w",20,1,0,55
"standard",146,109,103,-999,3,"004_stevens.dat","w",20,1,0,25
"standard",219,71,65,-999,20,"004_stevens.dat","w",20,1,0,75
"standard",197,86,77,-999,10,"004_stevens.dat","w",20,1,0,65
"standard",136,113,108,-999,5,"004_stevens.dat","w",20,1,0,15
"standard",158,106,98,-999,4,"004_stevens.dat","w",20,1,0,35
"standard",181,95,85,-999,10,"004_stevens.dat","w",20,1,0,55
"standard",219,71,65,-999,20,"004_stevens.dat","w",20,1,0,75
"standard",181,95,85,-999,10,"004_stevens.dat","w",20,1,0,55
"standard",219,71,65,-999,20,"004_stevens.dat","w",20,1,0,75
"standard",169,101,93,-999,8,"006_stevens.dat","w",19,1,1,45
"standard",158,106,98,-999,7,"006_stevens.dat","w",19,1,1,35
"standard",146,109,103,-999,4,"006_stevens.dat","w",19,1,1,25
"standard",181,95,85,-999,12,"006_stevens.dat","w",19,1,1,55
"standard",197,86,77,-999,13,"006_stevens.dat","w",19,1,1,65
"standard",219,71,65,-999,16,"006_stevens.dat","w",19,1,1,75
"standard",181,95,85,-999,11,"006_stevens.dat","w",19,1,1,55
"standard",255,23,45,-999,50,"006_stevens.dat","w",19,1,1,85
"standard",255,23,45,-999,50,"006_stevens.dat","w",19,1,1,85
"standard",136,113,108,-999,0,"006_stevens.dat","w",19,1,1,15
"standard",136,113,108,-999,0,"006_stevens.dat","w",19,1,1,15
"standard",146,109,103,-999,3,"006_stevens.dat","w",19,1,1,25
"standard",197,86,77,-999,14,"006_stevens.dat","w",19,1,1,65
"standard",181,95,85,-999,12,"006_stevens.dat","w",19,1,1,55
"standard",181,95,85,-999,12,"006_stevens.dat","w",19,1,1,55
"standard",146,109,103,-999,1,"006_stevens.dat","w",19,1,1,25
"standard",146,109,103,-999,2,"006_stevens.dat","w",19,1,1,25
"standard",169,101,93,-999,10,"006_stevens.dat","w",19,1,1,45
"standard",219,71,65,-999,20,"006_stevens.dat","w",19,1,1,75
"standard",255,23,45,-999,50,"006_stevens.dat","w",19,1,1,85
"standard",255,23,45,-999,50,"006_stevens.dat","w",19,1,1,85
"standard",158,106,98,-999,7,"006_stevens.dat","w",19,1,1,35
"standard",169,101,93,-999,10,"006_stevens.dat","w",19,1,1,45
"standard",219,71,65,-999,16,"006_stevens.dat","w",19,1,1,75
"standard",146,109,103,-999,0,"006_stevens.dat","w",19,1,1,25
"standard",219,71,65,-999,14,"006_stevens.dat","w",19,1,1,75
"standard",169,101,93,-999,10,"006_stevens.dat","w",19,1,1,45
"standard",158,106,98,-999,10,"006_stevens.dat","w",19,1,1,35
"standard",197,86,77,-999,14,"006_stevens.dat","w",19,1,1,65
"standard",197,86,77,-999,13,"006_stevens.dat","w",19,1,1,65
"standard",255,23,45,-999,30,"006_stevens.dat","w",19,1,1,85
"standard",219,71,65,-999,20,"006_stevens.dat","w",19,1,1,75
"standard",181,95,85,-999,10,"006_stevens.dat","w",19,1,1,55
"standard",197,86,77,-999,13,"006_stevens.dat","w",19,1,1,65
"standard",158,106,98,-999,7,"006_stevens.dat","w",19,1,1,35
"standard",158,106,98,-999,6,"006_stevens.dat","w",19,1,1,35
"standard",136,113,108,-999,0,"006_stevens.dat","w",19,1,1,15
"standard",169,101,93,-999,6,"006_stevens.dat","w",19,1,1,45
"standard",136,113,108,-999,0,"006_stevens.dat","w",19,1,1,15
"standard",136,113,108,-999,0,"006_stevens.dat","w",19,1,1,15
"unidirectional",146,109,103,0,11,"007_stevens.dat","w",21,1,1,25
"unidirectional",219,71,65,1,14,"007_stevens.dat","w",21,1,1,75
"unidirectional",136,113,108,0,17,"007_stevens.dat","w",21,1,1,15
"unidirectional",146,109,103,0,17,"007_stevens.dat","w",21,1,1,25
"unidirectional",219,71,65,1,15,"007_stevens.dat","w",21,1,1,75
"unidirectional",158,106,98,0,11,"007_stevens.dat","w",21,1,1,35
"unidirectional",158,106,98,0,11,"007_stevens.dat","w",21,1,1,35
"unidirectional",181,95,85,1,11,"007_stevens.dat","w",21,1,1,55
"unidirectional",219,71,65,1,15,"007_stevens.dat","w",21,1,1,75
"unidirectional",169,101,93,0,11,"007_stevens.dat","w",21,1,1,45
"unidirectional",169,101,93,0,11,"007_stevens.dat","w",21,1,1,45
"unidirectional",136,113,108,0,15,"007_stevens.dat","w",21,1,1,15
"unidirectional",197,86,77,1,12,"007_stevens.dat","w",21,1,1,65
"unidirectional",255,23,45,1,20,"007_stevens.dat","w",21,1,1,85
"unidirectional",136,113,108,0,14,"007_stevens.dat","w",21,1,1,15
"unidirectional",158,106,98,0,11,"007_stevens.dat","w",21,1,1,35
"unidirectional",197,86,77,1,13,"007_stevens.dat","w",21,1,1,65
"unidirectional",219,71,65,1,15,"007_stevens.dat","w",21,1,1,75
"unidirectional",255,23,45,1,30,"007_stevens.dat","w",21,1,1,85
"unidirectional",136,113,108,0,14,"007_stevens.dat","w",21,1,1,15
"unidirectional",146,109,103,0,13,"007_stevens.dat","w",21,1,1,25
"unidirectional",146,109,103,0,12,"007_stevens.dat","w",21,1,1,25
"unidirectional",181,95,85,1,11,"007_stevens.dat","w",21,1,1,55
"unidirectional",158,106,98,0,12,"007_stevens.dat","w",21,1,1,35
"unidirectional",219,71,65,1,14,"007_stevens.dat","w",21,1,1,75
"unidirectional",197,86,77,1,12,"007_stevens.dat","w",21,1,1,65
"unidirectional",158,106,98,0,13,"007_stevens.dat","w",21,1,1,35
"unidirectional",181,95,85,1,11,"007_stevens.dat","w",21,1,1,55
"unidirectional",169,101,93,0,12,"007_stevens.dat","w",21,1,1,45
"unidirectional",181,95,85,1,11,"007_stevens.dat","w",21,1,1,55
"unidirectional",255,23,45,1,25,"007_stevens.dat","w",21,1,1,85
"unidirectional",197,86,77,1,13,"007_stevens.dat","w",21,1,1,65
"unidirectional",146,109,103,0,14,"007_stevens.dat","w",21,1,1,25
"unidirectional",255,23,45,1,15,"007_stevens.dat","w",21,1,1,85
"unidirectional",169,101,93,0,11,"007_stevens.dat","w",21,1,1,45
"unidirectional",255,23,45,1,15,"007_stevens.dat","w",21,1,1,85
"unidirectional",197,86,77,1,13,"007_stevens.dat","w",21,1,1,65
"unidirectional",136,113,108,0,13,"007_stevens.dat","w",21,1,1,15
"unidirectional",181,95,85,1,11,"007_stevens.dat","w",21,1,1,55
"unidirectional",169,101,93,0,11,"007_stevens.dat","w",21,1,1,45
"standard",255,23,45,-999,25,"008_stevens.dat","w",18,1,1,85
"standard",219,71,65,-999,20,"008_stevens.dat","w",18,1,1,75
"standard",136,113,108,-999,4,"008_stevens.dat","w",18,1,1,15
"standard",158,106,98,-999,8,"008_stevens.dat","w",18,1,1,35
"standard",197,86,77,-999,15,"008_stevens.dat","w",18,1,1,65
"standard",197,86,77,-999,14,"008_stevens.dat","w",18,1,1,65
"standard",146,109,103,-999,6,"008_stevens.dat","w",18,1,1,25
"standard",146,109,103,-999,7,"008_stevens.dat","w",18,1,1,25
"standard",136,113,108,-999,3,"008_stevens.dat","w",18,1,1,15
"standard",158,106,98,-999,7,"008_stevens.dat","w",18,1,1,35
"standard",197,86,77,-999,18,"008_stevens.dat","w",18,1,1,65
"standard",197,86,77,-999,19,"008_stevens.dat","w",18,1,1,65
"standard",169,101,93,-999,9,"008_stevens.dat","w",18,1,1,45
"standard",219,71,65,-999,40,"008_stevens.dat","w",18,1,1,75
"standard",169,101,93,-999,9,"008_stevens.dat","w",18,1,1,45
"standard",146,109,103,-999,3,"008_stevens.dat","w",18,1,1,25
"standard",181,95,85,-999,11,"008_stevens.dat","w",18,1,1,55
"standard",255,23,45,-999,70,"008_stevens.dat","w",18,1,1,85
"standard",181,95,85,-999,14,"008_stevens.dat","w",18,1,1,55
"standard",181,95,85,-999,12,"008_stevens.dat","w",18,1,1,55
"standard",219,71,65,-999,30,"008_stevens.dat","w",18,1,1,75
"standard",146,109,103,-999,3,"008_stevens.dat","w",18,1,1,25
"standard",136,113,108,-999,1,"008_stevens.dat","w",18,1,1,15
"standard",181,95,85,-999,12,"008_stevens.dat","w",18,1,1,55
"standard",158,106,98,-999,7,"008_stevens.dat","w",18,1,1,35
"standard",136,113,108,-999,1,"008_stevens.dat","w",18,1,1,15
"standard",169,101,93,-999,9,"008_stevens.dat","w",18,1,1,45
"standard",158,106,98,-999,6,"008_stevens.dat","w",18,1,1,35
"standard",181,95,85,-999,14,"008_stevens.dat","w",18,1,1,55
"standard",255,23,45,-999,50,"008_stevens.dat","w",18,1,1,85
"standard",255,23,45,-999,55,"008_stevens.dat","w",18,1,1,85
"standard",169,101,93,-999,9,"008_stevens.dat","w",18,1,1,45
"standard",219,71,65,-999,18,"008_stevens.dat","w",18,1,1,75
"standard",255,23,45,-999,40,"008_stevens.dat","w",18,1,1,85
"standard",136,113,108,-999,1,"008_stevens.dat","w",18,1,1,15
"standard",146,109,103,-999,3,"008_stevens.dat","w",18,1,1,25
"standard",219,71,65,-999,24,"008_stevens.dat","w",18,1,1,75
"standard",158,106,98,-999,7,"008_stevens.dat","w",18,1,1,35
"standard",169,101,93,-999,9,"008_stevens.dat","w",18,1,1,45
"standard",197,86,77,-999,15,"008_stevens.dat","w",18,1,1,65
"unidirectional",136,113,108,0,25,"009_stevens.dat","w",20,1,1,15
"unidirectional",181,95,85,1,15,"009_stevens.dat","w",20,1,1,55
"unidirectional",255,23,45,1,40,"009_stevens.dat","w",20,1,1,85
"unidirectional",136,113,108,0,40,"009_stevens.dat","w",20,1,1,15
"unidirectional",219,71,65,1,20,"009_stevens.dat","w",20,1,1,75
"unidirectional",169,101,93,0,12,"009_stevens.dat","w",20,1,1,45
"unidirectional",146,109,103,0,18,"009_stevens.dat","w",20,1,1,25
"unidirectional",169,101,93,0,12,"009_stevens.dat","w",20,1,1,45
"unidirectional",219,71,65,1,20,"009_stevens.dat","w",20,1,1,75
"unidirectional",146,109,103,0,15,"009_stevens.dat","w",20,1,1,25
"unidirectional",255,23,45,1,40,"009_stevens.dat","w",20,1,1,85
"unidirectional",197,86,77,1,15,"009_stevens.dat","w",20,1,1,65
"unidirectional",197,86,77,1,15,"009_stevens.dat","w",20,1,1,65
"unidirectional",169,101,93,0,12,"009_stevens.dat","w",20,1,1,45
"unidirectional",136,113,108,0,40,"009_stevens.dat","w",20,1,1,15
"unidirectional",169,101,93,0,15,"009_stevens.dat","w",20,1,1,45
"unidirectional",219,71,65,1,25,"009_stevens.dat","w",20,1,1,75
"unidirectional",181,95,85,1,12,"009_stevens.dat","w",20,1,1,55
"unidirectional",255,23,45,1,40,"009_stevens.dat","w",20,1,1,85
"unidirectional",158,106,98,0,18,"009_stevens.dat","w",20,1,1,35
"unidirectional",181,95,85,1,12,"009_stevens.dat","w",20,1,1,55
"unidirectional",158,106,98,0,15,"009_stevens.dat","w",20,1,1,35
"unidirectional",136,113,108,0,30,"009_stevens.dat","w",20,1,1,15
"unidirectional",158,106,98,0,15,"009_stevens.dat","w",20,1,1,35
"unidirectional",197,86,77,1,25,"009_stevens.dat","w",20,1,1,65
"unidirectional",219,71,65,1,30,"009_stevens.dat","w",20,1,1,75
"unidirectional",197,86,77,1,20,"009_stevens.dat","w",20,1,1,65
"unidirectional",136,113,108,0,30,"009_stevens.dat","w",20,1,1,15
"unidirectional",158,106,98,0,15,"009_stevens.dat","w",20,1,1,35
"unidirectional",146,109,103,0,15,"009_stevens.dat","w",20,1,1,25
"unidirectional",169,101,93,0,12,"009_stevens.dat","w",20,1,1,45
"unidirectional",181,95,85,1,12,"009_stevens.dat","w",20,1,1,55
"unidirectional",181,95,85,1,12,"009_stevens.dat","w",20,1,1,55
"unidirectional",197,86,77,1,25,"009_stevens.dat","w",20,1,1,65
"unidirectional",146,109,103,0,20,"009_stevens.dat","w",20,1,1,25
"unidirectional",219,71,65,1,30,"009_stevens.dat","w",20,1,1,75
"unidirectional",255,23,45,1,40,"009_stevens.dat","w",20,1,1,85
"unidirectional",158,106,98,0,15,"009_stevens.dat","w",20,1,1,35
"unidirectional",146,109,103,0,12,"009_stevens.dat","w",20,1,1,25
"unidirectional",255,23,45,1,40,"009_stevens.dat","w",20,1,1,85
"standard",146,109,103,-999,3,"010_stevens.dat","m",21,1,1,25
"standard",169,101,93,-999,9,"010_stevens.dat","m",21,1,1,45
"standard",158,106,98,-999,7,"010_stevens.dat","m",21,1,1,35
"standard",219,71,65,-999,24,"010_stevens.dat","m",21,1,1,75
"standard",197,86,77,-999,14,"010_stevens.dat","m",21,1,1,65
"standard",169,101,93,-999,10,"010_stevens.dat","m",21,1,1,45
"standard",158,106,98,-999,6,"010_stevens.dat","m",21,1,1,35
"standard",255,23,45,-999,50,"010_stevens.dat","m",21,1,1,85
"standard",136,113,108,-999,0.1,"010_stevens.dat","m",21,1,1,15
"standard",219,71,65,-999,26,"010_stevens.dat","m",21,1,1,75
"standard",181,95,85,-999,13,"010_stevens.dat","m",21,1,1,55
"standard",255,23,45,-999,50,"010_stevens.dat","m",21,1,1,85
"standard",197,86,77,-999,14,"010_stevens.dat","m",21,1,1,65
"standard",197,86,77,-999,13,"010_stevens.dat","m",21,1,1,65
"standard",181,95,85,-999,11,"010_stevens.dat","m",21,1,1,55
"standard",136,113,108,-999,0.1,"010_stevens.dat","m",21,1,1,15
"standard",169,101,93,-999,9,"010_stevens.dat","m",21,1,1,45
"standard",158,106,98,-999,4,"010_stevens.dat","m",21,1,1,35
"standard",136,113,108,-999,0.1,"010_stevens.dat","m",21,1,1,15
"standard",197,86,77,-999,14,"010_stevens.dat","m",21,1,1,65
"standard",181,95,85,-999,12,"010_stevens.dat","m",21,1,1,55
"standard",169,101,93,-999,10,"010_stevens.dat","m",21,1,1,45
"standard",158,106,98,-999,6,"010_stevens.dat","m",21,1,1,35
"standard",255,23,45,-999,50,"010_stevens.dat","m",21,1,1,85
"standard",181,95,85,-999,12,"010_stevens.dat","m",21,1,1,55
"standard",136,113,108,-999,0.1,"010_stevens.dat","m",21,1,1,15
"standard",169,101,93,-999,9,"010_stevens.dat","m",21,1,1,45
"standard",255,23,45,-999,50,"010_stevens.dat","m",21,1,1,85
"standard",181,95,85,-999,12,"010_stevens.dat","m",21,1,1,55
"standard",146,109,103,-999,0.8,"010_stevens.dat","m",21,1,1,25
"standard",219,71,65,-999,21,"010_stevens.dat","m",21,1,1,75
"standard",219,71,65,-999,18,"010_stevens.dat","m",21,1,1,75
"standard",146,109,103,-999,0.3,"010_stevens.dat","m",21,1,1,25
"standard",219,71,65,-999,21,"010_stevens.dat","m",21,1,1,75
"standard",146,109,103,-999,0.3,"010_stevens.dat","m",21,1,1,25
"standard",136,113,108,-999,0.2,"010_stevens.dat","m",21,1,1,15
"standard",146,109,103,-999,1,"010_stevens.dat","m",21,1,1,25
"standard",255,23,45,-999,50,"010_stevens.dat","m",21,1,1,85
"standard",197,86,77,-999,14,"010_stevens.dat","m",21,1,1,65
"standard",158,106,98,-999,6,"010_stevens.dat","m",21,1,1,35
"unidirectional",169,101,93,0,11,"011_stevens.dat","m",21,1,1,45
"unidirectional",136,113,108,0,30,"011_stevens.dat","m",21,1,1,15
"unidirectional",255,23,45,1,40,"011_stevens.dat","m",21,1,1,85
"unidirectional",219,71,65,1,30,"011_stevens.dat","m",21,1,1,75
"unidirectional",219,71,65,1,30,"011_stevens.dat","m",21,1,1,75
"unidirectional",255,23,45,1,55,"011_stevens.dat","m",21,1,1,85
"unidirectional",146,109,103,0,12,"011_stevens.dat","m",21,1,1,25
"unidirectional",197,86,77,1,15,"011_stevens.dat","m",21,1,1,65
"unidirectional",219,71,65,1,20,"011_stevens.dat","m",21,1,1,75
"unidirectional",181,95,85,1,12,"011_stevens.dat","m",21,1,1,55
"unidirectional",158,106,98,0,12,"011_stevens.dat","m",21,1,1,35
"unidirectional",181,95,85,1,12,"011_stevens.dat","m",21,1,1,55
"unidirectional",255,23,45,1,38,"011_stevens.dat","m",21,1,1,85
"unidirectional",169,101,93,0,11,"011_stevens.dat","m",21,1,1,45
"unidirectional",181,95,85,1,12,"011_stevens.dat","m",21,1,1,55
"unidirectional",136,113,108,0,36,"011_stevens.dat","m",21,1,1,15
"unidirectional",136,113,108,0,50,"011_stevens.dat","m",21,1,1,15
"unidirectional",146,109,103,0,25,"011_stevens.dat","m",21,1,1,25
"unidirectional",219,71,65,1,25,"011_stevens.dat","m",21,1,1,75
"unidirectional",146,109,103,0,15,"011_stevens.dat","m",21,1,1,25
"unidirectional",158,106,98,0,14,"011_stevens.dat","m",21,1,1,35
"unidirectional",169,101,93,0,13,"011_stevens.dat","m",21,1,1,45
"unidirectional",197,86,77,1,23,"011_stevens.dat","m",21,1,1,65
"unidirectional",255,23,45,1,60,"011_stevens.dat","m",21,1,1,85
"unidirectional",158,106,98,0,12,"011_stevens.dat","m",21,1,1,35
"unidirectional",158,106,98,0,11,"011_stevens.dat","m",21,1,1,35
"unidirectional",197,86,77,1,24,"011_stevens.dat","m",21,1,1,65
"unidirectional",197,86,77,1,22,"011_stevens.dat","m",21,1,1,65
"unidirectional",169,101,93,0,11,"011_stevens.dat","m",21,1,1,45
"unidirectional",219,71,65,1,22,"011_stevens.dat","m",21,1,1,75
"unidirectional",158,106,98,0,14,"011_stevens.dat","m",21,1,1,35
"unidirectional",181,95,85,1,14,"011_stevens.dat","m",21,1,1,55
"unidirectional",136,113,108,0,35,"011_stevens.dat","m",21,1,1,15
"unidirectional",197,86,77,1,25,"011_stevens.dat","m",21,1,1,65
"unidirectional",136,113,108,0,70,"011_stevens.dat","m",21,1,1,15
"unidirectional",169,101,93,0,11,"011_stevens.dat","m",21,1,1,45
"unidirectional",146,109,103,0,40,"011_stevens.dat","m",21,1,1,25
"unidirectional",181,95,85,1,20,"011_stevens.dat","m",21,1,1,55
"unidirectional",146,109,103,0,11,"011_stevens.dat","m",21,1,1,25
"unidirectional",255,23,45,1,45,"011_stevens.dat","m",21,1,1,85
"unidirectional",181,95,85,1,12,"013_stevens.dat","m",21,1,0,55
"unidirectional",136,113,108,0,30,"013_stevens.dat","m",21,1,0,15
"unidirectional",181,95,85,1,15,"013_stevens.dat","m",21,1,0,55
"unidirectional",146,109,103,0,22,"013_stevens.dat","m",21,1,0,25
"unidirectional",197,86,77,1,30,"013_stevens.dat","m",21,1,0,65
"unidirectional",158,106,98,0,15,"013_stevens.dat","m",21,1,0,35
"unidirectional",169,101,93,0,11,"013_stevens.dat","m",21,1,0,45
"unidirectional",219,71,65,1,50,"013_stevens.dat","m",21,1,0,75
"unidirectional",181,95,85,1,14,"013_stevens.dat","m",21,1,0,55
"unidirectional",197,86,77,1,22,"013_stevens.dat","m",21,1,0,65
"unidirectional",197,86,77,1,21,"013_stevens.dat","m",21,1,0,65
"unidirectional",136,113,108,0,45,"013_stevens.dat","m",21,1,0,15
"unidirectional",181,95,85,1,15,"013_stevens.dat","m",21,1,0,55
"unidirectional",169,101,93,0,11,"013_stevens.dat","m",21,1,0,45
"unidirectional",169,101,93,0,11,"013_stevens.dat","m",21,1,0,45
"unidirectional",219,71,65,1,48,"013_stevens.dat","m",21,1,0,75
"unidirectional",219,71,65,1,43,"013_stevens.dat","m",21,1,0,75
"unidirectional",197,86,77,1,25,"013_stevens.dat","m",21,1,0,65
"unidirectional",158,106,98,0,17,"013_stevens.dat","m",21,1,0,35
"unidirectional",158,106,98,0,14,"013_stevens.dat","m",21,1,0,35
"unidirectional",255,23,45,1,65,"013_stevens.dat","m",21,1,0,85
"unidirectional",136,113,108,0,25,"013_stevens.dat","m",21,1,0,15
"unidirectional",255,23,45,1,65,"013_stevens.dat","m",21,1,0,85
"unidirectional",146,109,103,0,25,"013_stevens.dat","m",21,1,0,25
"unidirectional",197,86,77,1,20,"013_stevens.dat","m",21,1,0,65
"unidirectional",181,95,85,1,14,"013_stevens.dat","m",21,1,0,55
"unidirectional",146,109,103,0,17,"013_stevens.dat","m",21,1,0,25
"unidirectional",136,113,108,0,35,"013_stevens.dat","m",21,1,0,15
"unidirectional",136,113,108,0,37,"013_stevens.dat","m",21,1,0,15
"unidirectional",158,106,98,0,16,"013_stevens.dat","m",21,1,0,35
"unidirectional",169,101,93,0,11,"013_stevens.dat","m",21,1,0,45
"unidirectional",255,23,45,1,50,"013_stevens.dat","m",21,1,0,85
"unidirectional",158,106,98,0,14,"013_stevens.dat","m",21,1,0,35
"unidirectional",146,109,103,0,21,"013_stevens.dat","m",21,1,0,25
"unidirectional",255,23,45,1,55,"013_stevens.dat","m",21,1,0,85
"unidirectional",146,109,103,0,18,"013_stevens.dat","m",21,1,0,25
"unidirectional",219,71,65,1,30,"013_stevens.dat","m",21,1,0,75
"unidirectional",169,101,93,0,11,"013_stevens.dat","m",21,1,0,45
"unidirectional",255,23,45,1,58,"013_stevens.dat","m",21,1,0,85
"unidirectional",219,71,65,1,37,"013_stevens.dat","m",21,1,0,75
"standard",181,95,85,-999,11,"014_stevens.dat","w",20,1,1,55
"standard",181,95,85,-999,11,"014_stevens.dat","w",20,1,1,55
"standard",146,109,103,-999,2,"014_stevens.dat","w",20,1,1,25
"standard",219,71,65,-999,20,"014_stevens.dat","w",20,1,1,75
"standard",169,101,93,-999,9,"014_stevens.dat","w",20,1,1,45
"standard",169,101,93,-999,9,"014_stevens.dat","w",20,1,1,45
"standard",169,101,93,-999,9,"014_stevens.dat","w",20,1,1,45
"standard",136,113,108,-999,0,"014_stevens.dat","w",20,1,1,15
"standard",197,86,77,-999,14,"014_stevens.dat","w",20,1,1,65
"standard",136,113,108,-999,0,"014_stevens.dat","w",20,1,1,15
"standard",181,95,85,-999,11,"014_stevens.dat","w",20,1,1,55
"standard",219,71,65,-999,20,"014_stevens.dat","w",20,1,1,75
"standard",169,101,93,-999,10,"014_stevens.dat","w",20,1,1,45
"standard",255,23,45,-999,25,"014_stevens.dat","w",20,1,1,85
"standard",255,23,45,-999,25,"014_stevens.dat","w",20,1,1,85
"standard",136,113,108,-999,0,"014_stevens.dat","w",20,1,1,15
"standard",255,23,45,-999,25,"014_stevens.dat","w",20,1,1,85
"standard",146,109,103,-999,2,"014_stevens.dat","w",20,1,1,25
"standard",181,95,85,-999,11,"014_stevens.dat","w",20,1,1,55
"standard",197,86,77,-999,15,"014_stevens.dat","w",20,1,1,65
"standard",219,71,65,-999,17,"014_stevens.dat","w",20,1,1,75
"standard",219,71,65,-999,17,"014_stevens.dat","w",20,1,1,75
"standard",255,23,45,-999,25,"014_stevens.dat","w",20,1,1,85
"standard",146,109,103,-999,2,"014_stevens.dat","w",20,1,1,25
"standard",158,106,98,-999,3,"014_stevens.dat","w",20,1,1,35
"standard",255,23,45,-999,25,"014_stevens.dat","w",20,1,1,85
"standard",197,86,77,-999,14,"014_stevens.dat","w",20,1,1,65
"standard",146,109,103,-999,2,"014_stevens.dat","w",20,1,1,25
"standard",146,109,103,-999,3,"014_stevens.dat","w",20,1,1,25
"standard",197,86,77,-999,13,"014_stevens.dat","w",20,1,1,65
"standard",136,113,108,-999,0,"014_stevens.dat","w",20,1,1,15
"standard",158,106,98,-999,4,"014_stevens.dat","w",20,1,1,35
"standard",158,106,98,-999,4,"014_stevens.dat","w",20,1,1,35
"standard",158,106,98,-999,4,"014_stevens.dat","w",20,1,1,35
"standard",169,101,93,-999,9,"014_stevens.dat","w",20,1,1,45
"standard",219,71,65,-999,15,"014_stevens.dat","w",20,1,1,75
"standard",158,106,98,-999,3,"014_stevens.dat","w",20,1,1,35
"standard",197,86,77,-999,13,"014_stevens.dat","w",20,1,1,65
"standard",181,95,85,-999,11,"014_stevens.dat","w",20,1,1,55
"standard",136,113,108,-999,0,"014_stevens.dat","w",20,1,1,15
"unidirectional",169,101,93,0,11,"015_stevens.dat","w",20,1,0,45
"unidirectional",255,23,45,1,20,"015_stevens.dat","w",20,1,0,85
"unidirectional",181,95,85,1,12,"015_stevens.dat","w",20,1,0,55
"unidirectional",181,95,85,1,12,"015_stevens.dat","w",20,1,0,55
"unidirectional",219,71,65,1,16,"015_stevens.dat","w",20,1,0,75
"unidirectional",169,101,93,0,11,"015_stevens.dat","w",20,1,0,45
"unidirectional",136,113,108,0,11,"015_stevens.dat","w",20,1,0,15
"unidirectional",158,106,98,0,11,"015_stevens.dat","w",20,1,0,35
"unidirectional",146,109,103,0,12,"015_stevens.dat","w",20,1,0,25
"unidirectional",158,106,98,0,11,"015_stevens.dat","w",20,1,0,35
"unidirectional",197,86,77,1,12,"015_stevens.dat","w",20,1,0,65
"unidirectional",158,106,98,0,11,"015_stevens.dat","w",20,1,0,35
"unidirectional",181,95,85,1,11,"015_stevens.dat","w",20,1,0,55
"unidirectional",255,23,45,1,30,"015_stevens.dat","w",20,1,0,85
"unidirectional",169,101,93,0,11,"015_stevens.dat","w",20,1,0,45
"unidirectional",146,109,103,0,13,"015_stevens.dat","w",20,1,0,25
"unidirectional",219,71,65,1,17,"015_stevens.dat","w",20,1,0,75
"unidirectional",169,101,93,0,11,"015_stevens.dat","w",20,1,0,45
"unidirectional",158,106,98,0,12,"015_stevens.dat","w",20,1,0,35
"unidirectional",146,109,103,0,15,"015_stevens.dat","w",20,1,0,25
"unidirectional",197,86,77,1,12,"015_stevens.dat","w",20,1,0,65
"unidirectional",181,95,85,1,11,"015_stevens.dat","w",20,1,0,55
"unidirectional",158,106,98,0,11,"015_stevens.dat","w",20,1,0,35
"unidirectional",181,95,85,1,11,"015_stevens.dat","w",20,1,0,55
"unidirectional",255,23,45,1,30,"015_stevens.dat","w",20,1,0,85
"unidirectional",219,71,65,1,16,"015_stevens.dat","w",20,1,0,75
"unidirectional",255,23,45,1,27,"015_stevens.dat","w",20,1,0,85
"unidirectional",146,109,103,0,13,"015_stevens.dat","w",20,1,0,25
"unidirectional",197,86,77,1,12,"015_stevens.dat","w",20,1,0,65
"unidirectional",255,23,45,1,30,"015_stevens.dat","w",20,1,0,85
"unidirectional",136,113,108,0,15,"015_stevens.dat","w",20,1,0,15
"unidirectional",169,101,93,0,11,"015_stevens.dat","w",20,1,0,45
"unidirectional",136,113,108,0,15,"015_stevens.dat","w",20,1,0,15
"unidirectional",219,71,65,1,15,"015_stevens.dat","w",20,1,0,75
"unidirectional",197,86,77,1,12,"015_stevens.dat","w",20,1,0,65
"unidirectional",197,86,77,1,12,"015_stevens.dat","w",20,1,0,65
"unidirectional",136,113,108,0,20,"015_stevens.dat","w",20,1,0,15
"unidirectional",219,71,65,1,15,"015_stevens.dat","w",20,1,0,75
"unidirectional",136,113,108,0,20,"015_stevens.dat","w",20,1,0,15
"unidirectional",146,109,103,0,15,"015_stevens.dat","w",20,1,0,25
"standard",255,23,45,-999,30,"016_stevens.dat","m",21,1,0,85
"standard",146,109,103,-999,5,"016_stevens.dat","m",21,1,0,25
"standard",219,71,65,-999,15,"016_stevens.dat","m",21,1,0,75
"standard",158,106,98,-999,6,"016_stevens.dat","m",21,1,0,35
"standard",219,71,65,-999,16,"016_stevens.dat","m",21,1,0,75
"standard",146,109,103,-999,2,"016_stevens.dat","m",21,1,0,25
"standard",136,113,108,-999,2,"016_stevens.dat","m",21,1,0,15
"standard",136,113,108,-999,2,"016_stevens.dat","m",21,1,0,15
"standard",255,23,45,-999,29,"016_stevens.dat","m",21,1,0,85
"standard",197,86,77,-999,12,"016_stevens.dat","m",21,1,0,65
"standard",136,113,108,-999,0.5,"016_stevens.dat","m",21,1,0,15
"standard",158,106,98,-999,5,"016_stevens.dat","m",21,1,0,35
"standard",255,23,45,-999,22,"016_stevens.dat","m",21,1,0,85
"standard",219,71,65,-999,15,"016_stevens.dat","m",21,1,0,75
"standard",219,71,65,-999,14,"016_stevens.dat","m",21,1,0,75
"standard",136,113,108,-999,0.5,"016_stevens.dat","m",21,1,0,15
"standard",197,86,77,-999,11,"016_stevens.dat","m",21,1,0,65
"standard",146,109,103,-999,3,"016_stevens.dat","m",21,1,0,25
"standard",136,113,108,-999,3,"016_stevens.dat","m",21,1,0,15
"standard",158,106,98,-999,5,"016_stevens.dat","m",21,1,0,35
"standard",197,86,77,-999,13,"016_stevens.dat","m",21,1,0,65
"standard",169,101,93,-999,9.5,"016_stevens.dat","m",21,1,0,45
"standard",219,71,65,-999,17,"016_stevens.dat","m",21,1,0,75
"standard",169,101,93,-999,10,"016_stevens.dat","m",21,1,0,45
"standard",146,109,103,-999,3,"016_stevens.dat","m",21,1,0,25
"standard",158,106,98,-999,5,"016_stevens.dat","m",21,1,0,35
"standard",197,86,77,-999,16,"016_stevens.dat","m",21,1,0,65
"standard",169,101,93,-999,10,"016_stevens.dat","m",21,1,0,45
"standard",255,23,45,-999,30,"016_stevens.dat","m",21,1,0,85
"standard",255,23,45,-999,28,"016_stevens.dat","m",21,1,0,85
"standard",181,95,85,-999,11,"016_stevens.dat","m",21,1,0,55
"standard",197,86,77,-999,15,"016_stevens.dat","m",21,1,0,65
"standard",169,101,93,-999,9,"016_stevens.dat","m",21,1,0,45
"standard",169,101,93,-999,10,"016_stevens.dat","m",21,1,0,45
"standard",181,95,85,-999,11,"016_stevens.dat","m",21,1,0,55
"standard",181,95,85,-999,11,"016_stevens.dat","m",21,1,0,55
"standard",146,109,103,-999,1,"016_stevens.dat","m",21,1,0,25
"standard",181,95,85,-999,11,"016_stevens.dat","m",21,1,0,55
"standard",181,95,85,-999,11,"016_stevens.dat","m",21,1,0,55
"standard",158,106,98,-999,4.5,"016_stevens.dat","m",21,1,0,35
"standard",158,106,98,-999,7,"018_stevens.dat","w",21,1,0,35
"standard",169,101,93,-999,9,"018_stevens.dat","w",21,1,0,45
"standard",169,101,93,-999,10,"018_stevens.dat","w",21,1,0,45
"standard",197,86,77,-999,15,"018_stevens.dat","w",21,1,0,65
"standard",146,109,103,-999,3,"018_stevens.dat","w",21,1,0,25
"standard",219,71,65,-999,19,"018_stevens.dat","w",21,1,0,75
"standard",136,113,108,-999,0,"018_stevens.dat","w",21,1,0,15
"standard",158,106,98,-999,4,"018_stevens.dat","w",21,1,0,35
"standard",219,71,65,-999,20,"018_stevens.dat","w",21,1,0,75
"standard",158,106,98,-999,0,"018_stevens.dat","w",21,1,0,35
"standard",255,23,45,-999,21,"018_stevens.dat","w",21,1,0,85
"standard",181,95,85,-999,9,"018_stevens.dat","w",21,1,0,55
"standard",255,23,45,-999,30,"018_stevens.dat","w",21,1,0,85
"standard",136,113,108,-999,0,"018_stevens.dat","w",21,1,0,15
"standard",158,106,98,-999,4,"018_stevens.dat","w",21,1,0,35
"standard",136,113,108,-999,4,"018_stevens.dat","w",21,1,0,15
"standard",169,101,93,-999,0,"018_stevens.dat","w",21,1,0,45
"standard",169,101,93,-999,0,"018_stevens.dat","w",21,1,0,45
"standard",136,113,108,-999,4,"018_stevens.dat","w",21,1,0,15
"standard",181,95,85,-999,12,"018_stevens.dat","w",21,1,0,55
"standard",181,95,85,-999,12,"018_stevens.dat","w",21,1,0,55
"standard",255,23,45,-999,18,"018_stevens.dat","w",21,1,0,85
"standard",181,95,85,-999,14,"018_stevens.dat","w",21,1,0,55
"standard",219,71,65,-999,16,"018_stevens.dat","w",21,1,0,75
"standard",219,71,65,-999,16,"018_stevens.dat","w",21,1,0,75
"standard",255,23,45,-999,18,"018_stevens.dat","w",21,1,0,85
"standard",146,109,103,-999,2,"018_stevens.dat","w",21,1,0,25
"standard",146,109,103,-999,1,"018_stevens.dat","w",21,1,0,25
"standard",255,23,45,-999,20,"018_stevens.dat","w",21,1,0,85
"standard",197,86,77,-999,23,"018_stevens.dat","w",21,1,0,65
"standard",181,95,85,-999,11,"018_stevens.dat","w",21,1,0,55
"standard",197,86,77,-999,11,"018_stevens.dat","w",21,1,0,65
"standard",136,113,108,-999,2,"018_stevens.dat","w",21,1,0,15
"standard",219,71,65,-999,16,"018_stevens.dat","w",21,1,0,75
"standard",146,109,103,-999,2,"018_stevens.dat","w",21,1,0,25
"standard",146,109,103,-999,2,"018_stevens.dat","w",21,1,0,25
"standard",158,106,98,-999,2,"018_stevens.dat","w",21,1,0,35
"standard",169,101,93,-999,0,"018_stevens.dat","w",21,1,0,45
"standard",197,86,77,-999,14,"018_stevens.dat","w",21,1,0,65
"standard",197,86,77,-999,14,"018_stevens.dat","w",21,1,0,65
"unidirectional",158,106,98,0,20,"019_stevens.dat","w",19,1,0,35
"unidirectional",158,106,98,0,25,"019_stevens.dat","w",19,1,0,35
"unidirectional",181,95,85,1,15,"019_stevens.dat","w",19,1,0,55
"unidirectional",136,113,108,0,40,"019_stevens.dat","w",19,1,0,15
"unidirectional",197,86,77,1,20,"019_stevens.dat","w",19,1,0,65
"unidirectional",219,71,65,1,30,"019_stevens.dat","w",19,1,0,75
"unidirectional",158,106,98,0,20,"019_stevens.dat","w",19,1,0,35
"unidirectional",136,113,108,0,50,"019_stevens.dat","w",19,1,0,15
"unidirectional",219,71,65,1,30,"019_stevens.dat","w",19,1,0,75
"unidirectional",255,23,45,1,40,"019_stevens.dat","w",19,1,0,85
"unidirectional",255,23,45,1,40,"019_stevens.dat","w",19,1,0,85
"unidirectional",158,106,98,0,20,"019_stevens.dat","w",19,1,0,35
"unidirectional",181,95,85,1,12,"019_stevens.dat","w",19,1,0,55
"unidirectional",169,101,93,0,15,"019_stevens.dat","w",19,1,0,45
"unidirectional",181,95,85,1,15,"019_stevens.dat","w",19,1,0,55
"unidirectional",181,95,85,1,12,"019_stevens.dat","w",19,1,0,55
"unidirectional",219,71,65,1,20,"019_stevens.dat","w",19,1,0,75
"unidirectional",255,23,45,1,30,"019_stevens.dat","w",19,1,0,85
"unidirectional",169,101,93,0,12,"019_stevens.dat","w",19,1,0,45
"unidirectional",219,71,65,1,20,"019_stevens.dat","w",19,1,0,75
"unidirectional",197,86,77,1,15,"019_stevens.dat","w",19,1,0,65
"unidirectional",136,113,108,0,40,"019_stevens.dat","w",19,1,0,15
"unidirectional",146,109,103,0,50,"019_stevens.dat","w",19,1,0,25
"unidirectional",146,109,103,0,50,"019_stevens.dat","w",19,1,0,25
"unidirectional",146,109,103,0,50,"019_stevens.dat","w",19,1,0,25
"unidirectional",197,86,77,1,20,"019_stevens.dat","w",19,1,0,65
"unidirectional",146,109,103,0,40,"019_stevens.dat","w",19,1,0,25
"unidirectional",255,23,45,1,50,"019_stevens.dat","w",19,1,0,85
"unidirectional",136,113,108,0,40,"019_stevens.dat","w",19,1,0,15
"unidirectional",169,101,93,0,12,"019_stevens.dat","w",19,1,0,45
"unidirectional",197,86,77,1,15,"019_stevens.dat","w",19,1,0,65
"unidirectional",181,95,85,1,12,"019_stevens.dat","w",19,1,0,55
"unidirectional",219,71,65,1,20,"019_stevens.dat","w",19,1,0,75
"unidirectional",136,113,108,0,50,"019_stevens.dat","w",19,1,0,15
"unidirectional",197,86,77,1,15,"019_stevens.dat","w",19,1,0,65
"unidirectional",158,106,98,0,20,"019_stevens.dat","w",19,1,0,35
"unidirectional",169,101,93,0,12,"019_stevens.dat","w",19,1,0,45
"unidirectional",169,101,93,0,12,"019_stevens.dat","w",19,1,0,45
"unidirectional",255,23,45,1,50,"019_stevens.dat","w",19,1,0,85
"unidirectional",146,109,103,0,40,"019_stevens.dat","w",19,1,0,25
"unidirectional",169,101,93,1,11,"021_stevens.dat","m",19,1,0,45
"unidirectional",255,23,45,1,30,"021_stevens.dat","m",19,1,0,85
"unidirectional",219,71,65,1,20,"021_stevens.dat","m",19,1,0,75
"unidirectional",255,23,45,1,30,"021_stevens.dat","m",19,1,0,85
"unidirectional",136,113,108,0,30,"021_stevens.dat","m",19,1,0,15
"unidirectional",255,23,45,1,30,"021_stevens.dat","m",19,1,0,85
"unidirectional",219,71,65,1,20,"021_stevens.dat","m",19,1,0,75
"unidirectional",146,109,103,0,30,"021_stevens.dat","m",19,1,0,25
"unidirectional",158,106,98,0,20,"021_stevens.dat","m",19,1,0,35
"unidirectional",255,23,45,1,30,"021_stevens.dat","m",19,1,0,85
"unidirectional",197,86,77,1,20,"021_stevens.dat","m",19,1,0,65
"unidirectional",219,71,65,1,20,"021_stevens.dat","m",19,1,0,75
"unidirectional",181,95,85,1,11,"021_stevens.dat","m",19,1,0,55
"unidirectional",169,101,93,1,11,"021_stevens.dat","m",19,1,0,45
"unidirectional",197,86,77,1,17,"021_stevens.dat","m",19,1,0,65
"unidirectional",136,113,108,0,30,"021_stevens.dat","m",19,1,0,15
"unidirectional",146,109,103,0,20,"021_stevens.dat","m",19,1,0,25
"unidirectional",146,109,103,0,20,"021_stevens.dat","m",19,1,0,25
"unidirectional",136,113,108,0,30,"021_stevens.dat","m",19,1,0,15
"unidirectional",181,95,85,1,12,"021_stevens.dat","m",19,1,0,55
"unidirectional",219,71,65,1,30,"021_stevens.dat","m",19,1,0,75
"unidirectional",158,106,98,0,12,"021_stevens.dat","m",19,1,0,35
"unidirectional",181,95,85,1,11,"021_stevens.dat","m",19,1,0,55
"unidirectional",197,86,77,1,20,"021_stevens.dat","m",19,1,0,65
"unidirectional",136,113,108,0,30,"021_stevens.dat","m",19,1,0,15
"unidirectional",181,95,85,1,11,"021_stevens.dat","m",19,1,0,55
"unidirectional",169,101,93,0,12,"021_stevens.dat","m",19,1,0,45
"unidirectional",158,106,98,0,14,"021_stevens.dat","m",19,1,0,35
"unidirectional",146,109,103,0,20,"021_stevens.dat","m",19,1,0,25
"unidirectional",219,71,65,1,27,"021_stevens.dat","m",19,1,0,75
"unidirectional",169,101,93,0,11,"021_stevens.dat","m",19,1,0,45
"unidirectional",158,106,98,0,15,"021_stevens.dat","m",19,1,0,35
"unidirectional",197,86,77,1,15,"021_stevens.dat","m",19,1,0,65
"unidirectional",255,23,45,1,30,"021_stevens.dat","m",19,1,0,85
"unidirectional",181,95,85,1,12,"021_stevens.dat","m",19,1,0,55
"unidirectional",158,106,98,0,12,"021_stevens.dat","m",19,1,0,35
"unidirectional",136,113,108,0,30,"021_stevens.dat","m",19,1,0,15
"unidirectional",197,86,77,1,15,"021_stevens.dat","m",19,1,0,65
"unidirectional",146,109,103,0,20,"021_stevens.dat","m",19,1,0,25
"unidirectional",169,101,93,1,11,"021_stevens.dat","m",19,1,0,45
"standard",219,71,65,-999,15,"022_stevens.dat","m",22,1,0,75
"standard",146,109,103,-999,3,"022_stevens.dat","m",22,1,0,25
"standard",169,101,93,-999,7,"022_stevens.dat","m",22,1,0,45
"standard",146,109,103,-999,2,"022_stevens.dat","m",22,1,0,25
"standard",146,109,103,-999,2,"022_stevens.dat","m",22,1,0,25
"standard",219,71,65,-999,12,"022_stevens.dat","m",22,1,0,75
"standard",255,23,45,-999,20,"022_stevens.dat","m",22,1,0,85
"standard",255,23,45,-999,21,"022_stevens.dat","m",22,1,0,85
"standard",181,95,85,-999,12,"022_stevens.dat","m",22,1,0,55
"standard",136,113,108,-999,1,"022_stevens.dat","m",22,1,0,15
"standard",197,86,77,-999,14,"022_stevens.dat","m",22,1,0,65
"standard",158,106,98,-999,8,"022_stevens.dat","m",22,1,0,35
"standard",158,106,98,-999,7,"022_stevens.dat","m",22,1,0,35
"standard",197,86,77,-999,12,"022_stevens.dat","m",22,1,0,65
"standard",197,86,77,-999,12,"022_stevens.dat","m",22,1,0,65
"standard",197,86,77,-999,12,"022_stevens.dat","m",22,1,0,65
"standard",136,113,108,-999,0,"022_stevens.dat","m",22,1,0,15
"standard",219,71,65,-999,15,"022_stevens.dat","m",22,1,0,75
"standard",158,106,98,-999,7,"022_stevens.dat","m",22,1,0,35
"standard",146,109,103,-999,2,"022_stevens.dat","m",22,1,0,25
"standard",255,23,45,-999,20,"022_stevens.dat","m",22,1,0,85
"standard",169,101,93,-999,10,"022_stevens.dat","m",22,1,0,45
"standard",158,106,98,-999,9,"022_stevens.dat","m",22,1,0,35
"standard",158,106,98,-999,9,"022_stevens.dat","m",22,1,0,35
"standard",136,113,108,-999,1,"022_stevens.dat","m",22,1,0,15
"standard",197,86,77,-999,11,"022_stevens.dat","m",22,1,0,65
"standard",255,23,45,-999,20,"022_stevens.dat","m",22,1,0,85
"standard",169,101,93,-999,10,"022_stevens.dat","m",22,1,0,45
"standard",136,113,108,-999,2,"022_stevens.dat","m",22,1,0,15
"standard",181,95,85,-999,13,"022_stevens.dat","m",22,1,0,55
"standard",169,101,93,-999,10,"022_stevens.dat","m",22,1,0,45
"standard",136,113,108,-999,2,"022_stevens.dat","m",22,1,0,15
"standard",146,109,103,-999,3,"022_stevens.dat","m",22,1,0,25
"standard",181,95,85,-999,4,"022_stevens.dat","m",22,1,0,55
"standard",181,95,85,-999,13,"022_stevens.dat","m",22,1,0,55
"standard",181,95,85,-999,13,"022_stevens.dat","m",22,1,0,55
"standard",255,23,45,-999,20,"022_stevens.dat","m",22,1,0,85
"standard",169,101,93,-999,10,"022_stevens.dat","m",22,1,0,45
"standard",219,71,65,-999,15,"022_stevens.dat","m",22,1,0,75
"standard",219,71,65,-999,15,"022_stevens.dat","m",22,1,0,75
"unidirectional",136,113,108,0,20,"023_stevens.dat","w",19,1,1,15
"unidirectional",255,23,45,1,20,"023_stevens.dat","w",19,1,1,85
"unidirectional",169,101,93,0,11,"023_stevens.dat","w",19,1,1,45
"unidirectional",169,101,93,0,11,"023_stevens.dat","w",19,1,1,45
"unidirectional",146,109,103,0,15,"023_stevens.dat","w",19,1,1,25
"unidirectional",146,109,103,0,15,"023_stevens.dat","w",19,1,1,25
"unidirectional",146,109,103,0,14,"023_stevens.dat","w",19,1,1,25
"unidirectional",219,71,65,1,15,"023_stevens.dat","w",19,1,1,75
"unidirectional",158,106,98,0,11,"023_stevens.dat","w",19,1,1,35
"unidirectional",197,86,77,1,14,"023_stevens.dat","w",19,1,1,65
"unidirectional",158,106,98,0,12,"023_stevens.dat","w",19,1,1,35
"unidirectional",169,101,93,0,11,"023_stevens.dat","w",19,1,1,45
"unidirectional",219,71,65,1,18,"023_stevens.dat","w",19,1,1,75
"unidirectional",197,86,77,1,13,"023_stevens.dat","w",19,1,1,65
"unidirectional",197,86,77,1,12,"023_stevens.dat","w",19,1,1,65
"unidirectional",158,106,98,0,13,"023_stevens.dat","w",19,1,1,35
"unidirectional",197,86,77,1,15,"023_stevens.dat","w",19,1,1,65
"unidirectional",146,109,103,0,15,"023_stevens.dat","w",19,1,1,25
"unidirectional",136,113,108,0,24,"023_stevens.dat","w",19,1,1,15
"unidirectional",169,101,93,0,12,"023_stevens.dat","w",19,1,1,45
"unidirectional",136,113,108,0,26,"023_stevens.dat","w",19,1,1,15
"unidirectional",158,106,98,0,15,"023_stevens.dat","w",19,1,1,35
"unidirectional",255,23,45,1,25,"023_stevens.dat","w",19,1,1,85
"unidirectional",255,23,45,1,25,"023_stevens.dat","w",19,1,1,85
"unidirectional",219,71,65,1,22,"023_stevens.dat","w",19,1,1,75
"unidirectional",169,101,93,0,11,"023_stevens.dat","w",19,1,1,45
"unidirectional",146,109,103,0,16,"023_stevens.dat","w",19,1,1,25
"unidirectional",181,95,85,1,15,"023_stevens.dat","w",19,1,1,55
"unidirectional",181,95,85,1,14,"023_stevens.dat","w",19,1,1,55
"unidirectional",181,95,85,1,14,"023_stevens.dat","w",19,1,1,55
"unidirectional",181,95,85,1,14,"023_stevens.dat","w",19,1,1,55
"unidirectional",219,71,65,1,20,"023_stevens.dat","w",19,1,1,75
"unidirectional",197,86,77,1,15,"023_stevens.dat","w",19,1,1,65
"unidirectional",181,95,85,1,14,"023_stevens.dat","w",19,1,1,55
"unidirectional",158,106,98,0,14,"023_stevens.dat","w",19,1,1,35
"unidirectional",255,23,45,1,30,"023_stevens.dat","w",19,1,1,85
"unidirectional",136,113,108,0,25,"023_stevens.dat","w",19,1,1,15
"unidirectional",136,113,108,0,25,"023_stevens.dat","w",19,1,1,15
"unidirectional",219,71,65,1,18,"023_stevens.dat","w",19,1,1,75
"unidirectional",255,23,45,1,28,"023_stevens.dat","w",19,1,1,85
"standard",181,95,85,-999,14,"024_stevens.dat","w",24,1,1,55
"standard",197,86,77,-999,16,"024_stevens.dat","w",24,1,1,65
"standard",146,109,103,-999,5,"024_stevens.dat","w",24,1,1,25
"standard",219,71,65,-999,30,"024_stevens.dat","w",24,1,1,75
"standard",219,71,65,-999,28,"024_stevens.dat","w",24,1,1,75
"standard",158,106,98,-999,8,"024_stevens.dat","w",24,1,1,35
"standard",136,113,108,-999,4,"024_stevens.dat","w",24,1,1,15
"standard",255,23,45,-999,50,"024_stevens.dat","w",24,1,1,85
"standard",169,101,93,-999,7,"024_stevens.dat","w",24,1,1,45
"standard",158,106,98,-999,6,"024_stevens.dat","w",24,1,1,35
"standard",181,95,85,-999,13,"024_stevens.dat","w",24,1,1,55
"standard",136,113,108,-999,3,"024_stevens.dat","w",24,1,1,15
"standard",181,95,85,-999,12,"024_stevens.dat","w",24,1,1,55
"standard",169,101,93,-999,10,"024_stevens.dat","w",24,1,1,45
"standard",197,86,77,-999,15,"024_stevens.dat","w",24,1,1,65
"standard",219,71,65,-999,30,"024_stevens.dat","w",24,1,1,75
"standard",169,101,93,-999,10,"024_stevens.dat","w",24,1,1,45
"standard",158,106,98,-999,3,"024_stevens.dat","w",24,1,1,35
"standard",255,23,45,-999,50,"024_stevens.dat","w",24,1,1,85
"standard",219,71,65,-999,20,"024_stevens.dat","w",24,1,1,75
"standard",158,106,98,-999,4,"024_stevens.dat","w",24,1,1,35
"standard",181,95,85,-999,12,"024_stevens.dat","w",24,1,1,55
"standard",197,86,77,-999,19,"024_stevens.dat","w",24,1,1,65
"standard",146,109,103,-999,2,"024_stevens.dat","w",24,1,1,25
"standard",146,109,103,-999,2,"024_stevens.dat","w",24,1,1,25
"standard",146,109,103,-999,2,"024_stevens.dat","w",24,1,1,25
"standard",181,95,85,-999,14,"024_stevens.dat","w",24,1,1,55
"standard",255,23,45,-999,55,"024_stevens.dat","w",24,1,1,85
"standard",219,71,65,-999,30,"024_stevens.dat","w",24,1,1,75
"standard",158,106,98,-999,4,"024_stevens.dat","w",24,1,1,35
"standard",169,101,93,-999,10,"024_stevens.dat","w",24,1,1,45
"standard",255,23,45,-999,50,"024_stevens.dat","w",24,1,1,85
"standard",136,113,108,-999,1,"024_stevens.dat","w",24,1,1,15
"standard",169,101,93,-999,10,"024_stevens.dat","w",24,1,1,45
"standard",197,86,77,-999,16,"024_stevens.dat","w",24,1,1,65
"standard",136,113,108,-999,1,"024_stevens.dat","w",24,1,1,15
"standard",146,109,103,-999,4,"024_stevens.dat","w",24,1,1,25
"standard",197,86,77,-999,20,"024_stevens.dat","w",24,1,1,65
"standard",255,23,45,-999,50,"024_stevens.dat","w",24,1,1,85
"standard",136,113,108,-999,2,"024_stevens.dat","w",24,1,1,15
"unidirectional",169,101,93,0,15,"025_stevens.dat","w",22,1,0,45
"unidirectional",255,23,45,1,40,"025_stevens.dat","w",22,1,0,85
"unidirectional",158,106,98,0,20,"025_stevens.dat","w",22,1,0,35
"unidirectional",219,71,65,1,30,"025_stevens.dat","w",22,1,0,75
"unidirectional",181,95,85,1,15,"025_stevens.dat","w",22,1,0,55
"unidirectional",146,109,103,0,30,"025_stevens.dat","w",22,1,0,25
"unidirectional",181,95,85,1,15,"025_stevens.dat","w",22,1,0,55
"unidirectional",255,23,45,1,40,"025_stevens.dat","w",22,1,0,85
"unidirectional",197,86,77,1,20,"025_stevens.dat","w",22,1,0,65
"unidirectional",197,86,77,1,18,"025_stevens.dat","w",22,1,0,65
"unidirectional",146,109,103,0,30,"025_stevens.dat","w",22,1,0,25
"unidirectional",136,113,108,0,35,"025_stevens.dat","w",22,1,0,15
"unidirectional",169,101,93,0,11,"025_stevens.dat","w",22,1,0,45
"unidirectional",219,71,65,1,30,"025_stevens.dat","w",22,1,0,75
"unidirectional",158,106,98,0,15,"025_stevens.dat","w",22,1,0,35
"unidirectional",136,113,108,0,20,"025_stevens.dat","w",22,1,0,15
"unidirectional",197,86,77,1,20,"025_stevens.dat","w",22,1,0,65
"unidirectional",158,106,98,0,15,"025_stevens.dat","w",22,1,0,35
"unidirectional",181,95,85,1,12,"025_stevens.dat","w",22,1,0,55
"unidirectional",136,113,108,0,25,"025_stevens.dat","w",22,1,0,15
"unidirectional",181,95,85,1,11,"025_stevens.dat","w",22,1,0,55
"unidirectional",219,71,65,1,30,"025_stevens.dat","w",22,1,0,75
"unidirectional",197,86,77,1,25,"025_stevens.dat","w",22,1,0,65
"unidirectional",169,101,93,0,12,"025_stevens.dat","w",22,1,0,45
"unidirectional",181,95,85,1,12,"025_stevens.dat","w",22,1,0,55
"unidirectional",158,106,98,0,15,"025_stevens.dat","w",22,1,0,35
"unidirectional",146,109,103,0,20,"025_stevens.dat","w",22,1,0,25
"unidirectional",169,101,93,0,12,"025_stevens.dat","w",22,1,0,45
"unidirectional",136,113,108,0,30,"025_stevens.dat","w",22,1,0,15
"unidirectional",255,23,45,1,50,"025_stevens.dat","w",22,1,0,85
"unidirectional",146,109,103,0,25,"025_stevens.dat","w",22,1,0,25
"unidirectional",158,106,98,0,15,"025_stevens.dat","w",22,1,0,35
"unidirectional",255,23,45,1,50,"025_stevens.dat","w",22,1,0,85
"unidirectional",146,109,103,0,20,"025_stevens.dat","w",22,1,0,25
"unidirectional",197,86,77,1,15,"025_stevens.dat","w",22,1,0,65
"unidirectional",219,71,65,1,30,"025_stevens.dat","w",22,1,0,75
"unidirectional",219,71,65,1,25,"025_stevens.dat","w",22,1,0,75
"unidirectional",169,101,93,0,12,"025_stevens.dat","w",22,1,0,45
"unidirectional",255,23,45,1,50,"025_stevens.dat","w",22,1,0,85
"unidirectional",136,113,108,0,30,"025_stevens.dat","w",22,1,0,15
"standard",219,71,65,-999,4,"026_stevens.dat","m",22,1,0,75
"standard",197,86,77,-999,11,"026_stevens.dat","m",22,1,0,65
"standard",136,113,108,-999,2,"026_stevens.dat","m",22,1,0,15
"standard",136,113,108,-999,5,"026_stevens.dat","m",22,1,0,15
"standard",169,101,93,-999,10,"026_stevens.dat","m",22,1,0,45
"standard",197,86,77,-999,12,"026_stevens.dat","m",22,1,0,65
"standard",158,106,98,-999,9,"026_stevens.dat","m",22,1,0,35
"standard",219,71,65,-999,15,"026_stevens.dat","m",22,1,0,75
"standard",181,95,85,-999,8,"026_stevens.dat","m",22,1,0,55
"standard",219,71,65,-999,14,"026_stevens.dat","m",22,1,0,75
"standard",255,23,45,-999,20,"026_stevens.dat","m",22,1,0,85
"standard",219,71,65,-999,14,"026_stevens.dat","m",22,1,0,75
"standard",197,86,77,-999,12,"026_stevens.dat","m",22,1,0,65
"standard",255,23,45,-999,18,"026_stevens.dat","m",22,1,0,85
"standard",181,95,85,-999,14,"026_stevens.dat","m",22,1,0,55
"standard",255,23,45,-999,20,"026_stevens.dat","m",22,1,0,85
"standard",181,95,85,-999,11,"026_stevens.dat","m",22,1,0,55
"standard",146,109,103,-999,7,"026_stevens.dat","m",22,1,0,25
"standard",169,101,93,-999,5,"026_stevens.dat","m",22,1,0,45
"standard",181,95,85,-999,11,"026_stevens.dat","m",22,1,0,55
"standard",219,71,65,-999,14,"026_stevens.dat","m",22,1,0,75
"standard",136,113,108,-999,5,"026_stevens.dat","m",22,1,0,15
"standard",255,23,45,-999,20,"026_stevens.dat","m",22,1,0,85
"standard",146,109,103,-999,7,"026_stevens.dat","m",22,1,0,25
"standard",169,101,93,-999,10,"026_stevens.dat","m",22,1,0,45
"standard",255,23,45,-999,19,"026_stevens.dat","m",22,1,0,85
"standard",158,106,98,-999,8,"026_stevens.dat","m",22,1,0,35
"standard",197,86,77,-999,12,"026_stevens.dat","m",22,1,0,65
"standard",136,113,108,-999,6,"026_stevens.dat","m",22,1,0,15
"standard",146,109,103,-999,8,"026_stevens.dat","m",22,1,0,25
"standard",181,95,85,-999,11,"026_stevens.dat","m",22,1,0,55
"standard",169,101,93,-999,10,"026_stevens.dat","m",22,1,0,45
"standard",158,106,98,-999,7,"026_stevens.dat","m",22,1,0,35
"standard",146,109,103,-999,5,"026_stevens.dat","m",22,1,0,25
"standard",158,106,98,-999,6,"026_stevens.dat","m",22,1,0,35
"standard",197,86,77,-999,13,"026_stevens.dat","m",22,1,0,65
"standard",169,101,93,-999,10,"026_stevens.dat","m",22,1,0,45
"standard",146,109,103,-999,7,"026_stevens.dat","m",22,1,0,25
"standard",158,106,98,-999,4,"026_stevens.dat","m",22,1,0,35
"standard",136,113,108,-999,5,"026_stevens.dat","m",22,1,0,15
"unidirectional",158,106,98,0,12,"027_stevens.dat","w",20,1,1,35
"unidirectional",219,71,65,1,16,"027_stevens.dat","w",20,1,1,75
"unidirectional",158,106,98,0,11,"027_stevens.dat","w",20,1,1,35
"unidirectional",158,106,98,0,11,"027_stevens.dat","w",20,1,1,35
"unidirectional",169,101,93,1,13,"027_stevens.dat","w",20,1,1,45
"unidirectional",219,71,65,1,17,"027_stevens.dat","w",20,1,1,75
"unidirectional",158,106,98,0,13,"027_stevens.dat","w",20,1,1,35
"unidirectional",197,86,77,1,15,"027_stevens.dat","w",20,1,1,65
"unidirectional",136,113,108,0,16,"027_stevens.dat","w",20,1,1,15
"unidirectional",146,109,103,0,12,"027_stevens.dat","w",20,1,1,25
"unidirectional",146,109,103,0,13,"027_stevens.dat","w",20,1,1,25
"unidirectional",169,101,93,0,11,"027_stevens.dat","w",20,1,1,45
"unidirectional",146,109,103,0,14,"027_stevens.dat","w",20,1,1,25
"unidirectional",146,109,103,0,12,"027_stevens.dat","w",20,1,1,25
"unidirectional",181,95,85,1,11,"027_stevens.dat","w",20,1,1,55
"unidirectional",219,71,65,1,18,"027_stevens.dat","w",20,1,1,75
"unidirectional",255,23,45,1,20,"027_stevens.dat","w",20,1,1,85
"unidirectional",219,71,65,1,16,"027_stevens.dat","w",20,1,1,75
"unidirectional",197,86,77,1,14,"027_stevens.dat","w",20,1,1,65
"unidirectional",181,95,85,1,14,"027_stevens.dat","w",20,1,1,55
"unidirectional",169,101,93,0,11,"027_stevens.dat","w",20,1,1,45
"unidirectional",169,101,93,0,11,"027_stevens.dat","w",20,1,1,45
"unidirectional",158,106,98,0,13,"027_stevens.dat","w",20,1,1,35
"unidirectional",181,95,85,1,12,"027_stevens.dat","w",20,1,1,55
"unidirectional",255,23,45,1,20,"027_stevens.dat","w",20,1,1,85
"unidirectional",136,113,108,0,14,"027_stevens.dat","w",20,1,1,15
"unidirectional",255,23,45,1,20,"027_stevens.dat","w",20,1,1,85
"unidirectional",136,113,108,0,13,"027_stevens.dat","w",20,1,1,15
"unidirectional",255,23,45,1,20,"027_stevens.dat","w",20,1,1,85
"unidirectional",197,86,77,1,14,"027_stevens.dat","w",20,1,1,65
"unidirectional",169,101,93,1,11,"027_stevens.dat","w",20,1,1,45
"unidirectional",146,109,103,0,14,"027_stevens.dat","w",20,1,1,25
"unidirectional",197,86,77,1,15,"027_stevens.dat","w",20,1,1,65
"unidirectional",181,95,85,1,13,"027_stevens.dat","w",20,1,1,55
"unidirectional",136,113,108,0,12,"027_stevens.dat","w",20,1,1,15
"unidirectional",181,95,85,1,11,"027_stevens.dat","w",20,1,1,55
"unidirectional",136,113,108,0,14,"027_stevens.dat","w",20,1,1,15
"unidirectional",197,86,77,1,12,"027_stevens.dat","w",20,1,1,65
"unidirectional",219,71,65,1,16,"027_stevens.dat","w",20,1,1,75
"unidirectional",255,23,45,1,20,"027_stevens.dat","w",20,1,1,85
"standard",136,113,108,-999,2,"028_stevens.dat","w",22,1,0,15
"standard",219,71,65,-999,18,"028_stevens.dat","w",22,1,0,75
"standard",255,23,45,-999,20,"028_stevens.dat","w",22,1,0,85
"standard",181,95,85,-999,11,"028_stevens.dat","w",22,1,0,55
"standard",197,86,77,-999,13,"028_stevens.dat","w",22,1,0,65
"standard",255,23,45,-999,25,"028_stevens.dat","w",22,1,0,85
"standard",197,86,77,-999,13,"028_stevens.dat","w",22,1,0,65
"standard",219,71,65,-999,15,"028_stevens.dat","w",22,1,0,75
"standard",158,106,98,-999,5,"028_stevens.dat","w",22,1,0,35
"standard",136,113,108,-999,0.5,"028_stevens.dat","w",22,1,0,15
"standard",158,106,98,-999,0.5,"028_stevens.dat","w",22,1,0,35
"standard",146,109,103,-999,0.25,"028_stevens.dat","w",22,1,0,25
"standard",169,101,93,-999,9,"028_stevens.dat","w",22,1,0,45
"standard",219,71,65,-999,20,"028_stevens.dat","w",22,1,0,75
"standard",169,101,93,-999,10,"028_stevens.dat","w",22,1,0,45
"standard",181,95,85,-999,11,"028_stevens.dat","w",22,1,0,55
"standard",146,109,103,-999,0.5,"028_stevens.dat","w",22,1,0,25
"standard",181,95,85,-999,11,"028_stevens.dat","w",22,1,0,55
"standard",219,71,65,-999,15,"028_stevens.dat","w",22,1,0,75
"standard",219,71,65,-999,15,"028_stevens.dat","w",22,1,0,75
"standard",136,113,108,-999,0,"028_stevens.dat","w",22,1,0,15
"standard",197,86,77,-999,15,"028_stevens.dat","w",22,1,0,65
"standard",255,23,45,-999,25,"028_stevens.dat","w",22,1,0,85
"standard",255,23,45,-999,25,"028_stevens.dat","w",22,1,0,85
"standard",146,109,103,-999,0.25,"028_stevens.dat","w",22,1,0,25
"standard",136,113,108,-999,0,"028_stevens.dat","w",22,1,0,15
"standard",181,95,85,-999,11,"028_stevens.dat","w",22,1,0,55
"standard",169,101,93,-999,9,"028_stevens.dat","w",22,1,0,45
"standard",158,106,98,-999,7,"028_stevens.dat","w",22,1,0,35
"standard",146,109,103,-999,0.5,"028_stevens.dat","w",22,1,0,25
"standard",197,86,77,-999,14,"028_stevens.dat","w",22,1,0,65
"standard",197,86,77,-999,14,"028_stevens.dat","w",22,1,0,65
"standard",181,95,85,-999,12,"028_stevens.dat","w",22,1,0,55
"standard",255,23,45,-999,25,"028_stevens.dat","w",22,1,0,85
"standard",136,113,108,-999,0,"028_stevens.dat","w",22,1,0,15
"standard",146,109,103,-999,1,"028_stevens.dat","w",22,1,0,25
"standard",169,101,93,-999,5,"028_stevens.dat","w",22,1,0,45
"standard",169,101,93,-999,5,"028_stevens.dat","w",22,1,0,45
"standard",158,106,98,-999,2,"028_stevens.dat","w",22,1,0,35
"standard",158,106,98,-999,2,"028_stevens.dat","w",22,1,0,35
"unidirectional",219,71,65,1,20,"029_stevens.dat","m",23,1,0,75
"unidirectional",146,109,103,0,15,"029_stevens.dat","m",23,1,0,25
"unidirectional",158,106,98,0,13,"029_stevens.dat","m",23,1,0,35
"unidirectional",146,109,103,0,15,"029_stevens.dat","m",23,1,0,25
"unidirectional",219,71,65,1,30,"029_stevens.dat","m",23,1,0,75
"unidirectional",169,101,93,1,11,"029_stevens.dat","m",23,1,0,45
"unidirectional",158,106,98,0,13,"029_stevens.dat","m",23,1,0,35
"unidirectional",136,113,108,0,30,"029_stevens.dat","m",23,1,0,15
"unidirectional",136,113,108,0,30,"029_stevens.dat","m",23,1,0,15
"unidirectional",169,101,93,0,11,"029_stevens.dat","m",23,1,0,45
"unidirectional",169,101,93,0,11,"029_stevens.dat","m",23,1,0,45
"unidirectional",219,71,65,1,35,"029_stevens.dat","m",23,1,0,75
"unidirectional",197,86,77,1,20,"029_stevens.dat","m",23,1,0,65
"unidirectional",158,106,98,0,15,"029_stevens.dat","m",23,1,0,35
"unidirectional",181,95,85,1,16,"029_stevens.dat","m",23,1,0,55
"unidirectional",136,113,108,0,30,"029_stevens.dat","m",23,1,0,15
"unidirectional",255,23,45,1,40,"029_stevens.dat","m",23,1,0,85
"unidirectional",219,71,65,1,26,"029_stevens.dat","m",23,1,0,75
"unidirectional",136,113,108,0,30,"029_stevens.dat","m",23,1,0,15
"unidirectional",158,106,98,0,14,"029_stevens.dat","m",23,1,0,35
"unidirectional",197,86,77,1,20,"029_stevens.dat","m",23,1,0,65
"unidirectional",219,71,65,1,25,"029_stevens.dat","m",23,1,0,75
"unidirectional",158,106,98,0,15,"029_stevens.dat","m",23,1,0,35
"unidirectional",255,23,45,1,30,"029_stevens.dat","m",23,1,0,85
"unidirectional",255,23,45,1,40,"029_stevens.dat","m",23,1,0,85
"unidirectional",146,109,103,0,20,"029_stevens.dat","m",23,1,0,25
"unidirectional",255,23,45,1,40,"029_stevens.dat","m",23,1,0,85
"unidirectional",197,86,77,1,25,"029_stevens.dat","m",23,1,0,65
"unidirectional",146,109,103,0,20,"029_stevens.dat","m",23,1,0,25
"unidirectional",255,23,45,1,30,"029_stevens.dat","m",23,1,0,85
"unidirectional",181,95,85,1,15,"029_stevens.dat","m",23,1,0,55
"unidirectional",181,95,85,1,14,"029_stevens.dat","m",23,1,0,55
"unidirectional",181,95,85,1,14,"029_stevens.dat","m",23,1,0,55
"unidirectional",181,95,85,1,14,"029_stevens.dat","m",23,1,0,55
"unidirectional",169,101,93,0,11,"029_stevens.dat","m",23,1,0,45
"unidirectional",197,86,77,1,20,"029_stevens.dat","m",23,1,0,65
"unidirectional",169,101,93,0,11,"029_stevens.dat","m",23,1,0,45
"unidirectional",197,86,77,1,20,"029_stevens.dat","m",23,1,0,65
"unidirectional",146,109,103,0,20,"029_stevens.dat","m",23,1,0,25
"unidirectional",136,113,108,0,30,"029_stevens.dat","m",23,1,0,15
"standard",146,109,103,-999,7,"030_stevens.dat","m",25,1,0,25
"standard",169,101,93,-999,9,"030_stevens.dat","m",25,1,0,45
"standard",169,101,93,-999,9,"030_stevens.dat","m",25,1,0,45
"standard",136,113,108,-999,1,"030_stevens.dat","m",25,1,0,15
"standard",197,86,77,-999,13,"030_stevens.dat","m",25,1,0,65
"standard",169,101,93,-999,10,"030_stevens.dat","m",25,1,0,45
"standard",219,71,65,-999,20,"030_stevens.dat","m",25,1,0,75
"standard",169,101,93,-999,10,"030_stevens.dat","m",25,1,0,45
"standard",255,23,45,-999,25,"030_stevens.dat","m",25,1,0,85
"standard",197,86,77,-999,12,"030_stevens.dat","m",25,1,0,65
"standard",158,106,98,-999,8,"030_stevens.dat","m",25,1,0,35
"standard",181,95,85,-999,11,"030_stevens.dat","m",25,1,0,55
"standard",255,23,45,-999,25,"030_stevens.dat","m",25,1,0,85
"standard",136,113,108,-999,1,"030_stevens.dat","m",25,1,0,15
"standard",158,106,98,-999,5,"030_stevens.dat","m",25,1,0,35
"standard",169,101,93,-999,8,"030_stevens.dat","m",25,1,0,45
"standard",219,71,65,-999,18,"030_stevens.dat","m",25,1,0,75
"standard",146,109,103,-999,2,"030_stevens.dat","m",25,1,0,25
"standard",219,71,65,-999,18,"030_stevens.dat","m",25,1,0,75
"standard",158,106,98,-999,1,"030_stevens.dat","m",25,1,0,35
"standard",255,23,45,-999,20,"030_stevens.dat","m",25,1,0,85
"standard",197,86,77,-999,12,"030_stevens.dat","m",25,1,0,65
"standard",146,109,103,-999,1,"030_stevens.dat","m",25,1,0,25
"standard",181,95,85,-999,11,"030_stevens.dat","m",25,1,0,55
"standard",197,86,77,-999,12,"030_stevens.dat","m",25,1,0,65
"standard",219,71,65,-999,13,"030_stevens.dat","m",25,1,0,75
"standard",146,109,103,-999,1,"030_stevens.dat","m",25,1,0,25
"standard",158,106,98,-999,2,"030_stevens.dat","m",25,1,0,35
"standard",255,23,45,-999,25,"030_stevens.dat","m",25,1,0,85
"standard",197,86,77,-999,12,"030_stevens.dat","m",25,1,0,65
"standard",181,95,85,-999,10,"030_stevens.dat","m",25,1,0,55
"standard",136,113,108,-999,0.01,"030_stevens.dat","m",25,1,0,15
"standard",219,71,65,-999,14,"030_stevens.dat","m",25,1,0,75
"standard",181,95,85,-999,10,"030_stevens.dat","m",25,1,0,55
"standard",158,106,98,-999,8,"030_stevens.dat","m",25,1,0,35
"standard",146,109,103,-999,6,"030_stevens.dat","m",25,1,0,25
"standard",136,113,108,-999,1,"030_stevens.dat","m",25,1,0,15
"standard",255,23,45,-999,25,"030_stevens.dat","m",25,1,0,85
"standard",181,95,85,-999,10,"030_stevens.dat","m",25,1,0,55
"standard",136,113,108,-999,1,"030_stevens.dat","m",25,1,0,15
"unidirectional",181,95,85,1,15,"031_stevens.dat","w",24,1,0,55
"unidirectional",197,86,77,1,20,"031_stevens.dat","w",24,1,0,65
"unidirectional",158,106,98,0,15,"031_stevens.dat","w",24,1,0,35
"unidirectional",181,95,85,1,15,"031_stevens.dat","w",24,1,0,55
"unidirectional",158,106,98,0,15,"031_stevens.dat","w",24,1,0,35
"unidirectional",146,109,103,0,20,"031_stevens.dat","w",24,1,0,25
"unidirectional",255,23,45,1,40,"031_stevens.dat","w",24,1,0,85
"unidirectional",169,101,93,0,12,"031_stevens.dat","w",24,1,0,45
"unidirectional",255,23,45,1,30,"031_stevens.dat","w",24,1,0,85
"unidirectional",136,113,108,0,40,"031_stevens.dat","w",24,1,0,15
"unidirectional",169,101,93,1,11,"031_stevens.dat","w",24,1,0,45
"unidirectional",181,95,85,1,12,"031_stevens.dat","w",24,1,0,55
"unidirectional",146,109,103,0,15,"031_stevens.dat","w",24,1,0,25
"unidirectional",197,86,77,1,15,"031_stevens.dat","w",24,1,0,65
"unidirectional",219,71,65,1,20,"031_stevens.dat","w",24,1,0,75
"unidirectional",197,86,77,1,15,"031_stevens.dat","w",24,1,0,65
"unidirectional",181,95,85,1,12,"031_stevens.dat","w",24,1,0,55
"unidirectional",136,113,108,0,40,"031_stevens.dat","w",24,1,0,15
"unidirectional",255,23,45,1,40,"031_stevens.dat","w",24,1,0,85
"unidirectional",146,109,103,0,20,"031_stevens.dat","w",24,1,0,25
"unidirectional",219,71,65,1,30,"031_stevens.dat","w",24,1,0,75
"unidirectional",255,23,45,1,50,"031_stevens.dat","w",24,1,0,85
"unidirectional",197,86,77,1,15,"031_stevens.dat","w",24,1,0,65
"unidirectional",158,106,98,0,12,"031_stevens.dat","w",24,1,0,35
"unidirectional",146,109,103,0,20,"031_stevens.dat","w",24,1,0,25
"unidirectional",158,106,98,0,15,"031_stevens.dat","w",24,1,0,35
"unidirectional",136,113,108,0,50,"031_stevens.dat","w",24,1,0,15
"unidirectional",255,23,45,1,50,"031_stevens.dat","w",24,1,0,85
"unidirectional",136,113,108,0,50,"031_stevens.dat","w",24,1,0,15
"unidirectional",181,95,85,1,12,"031_stevens.dat","w",24,1,0,55
"unidirectional",169,101,93,0,11,"031_stevens.dat","w",24,1,0,45
"unidirectional",158,106,98,0,15,"031_stevens.dat","w",24,1,0,35
"unidirectional",219,71,65,1,20,"031_stevens.dat","w",24,1,0,75
"unidirectional",169,101,93,0,11,"031_stevens.dat","w",24,1,0,45
"unidirectional",219,71,65,1,15,"031_stevens.dat","w",24,1,0,75
"unidirectional",197,86,77,1,13,"031_stevens.dat","w",24,1,0,65
"unidirectional",169,101,93,0,11,"031_stevens.dat","w",24,1,0,45
"unidirectional",146,109,103,0,20,"031_stevens.dat","w",24,1,0,25
"unidirectional",219,71,65,1,20,"031_stevens.dat","w",24,1,0,75
"unidirectional",136,113,108,0,50,"031_stevens.dat","w",24,1,0,15
"standard",197,86,77,-999,25,"032_stevens.dat","m",21,1,0,65
"standard",136,113,108,-999,0,"032_stevens.dat","m",21,1,0,15
"standard",146,109,103,-999,1,"032_stevens.dat","m",21,1,0,25
"standard",197,86,77,-999,22,"032_stevens.dat","m",21,1,0,65
"standard",169,101,93,-999,8,"032_stevens.dat","m",21,1,0,45
"standard",197,86,77,-999,19,"032_stevens.dat","m",21,1,0,65
"standard",219,71,65,-999,28,"032_stevens.dat","m",21,1,0,75
"standard",158,106,98,-999,3,"032_stevens.dat","m",21,1,0,35
"standard",181,95,85,-999,12,"032_stevens.dat","m",21,1,0,55
"standard",146,109,103,-999,0,"032_stevens.dat","m",21,1,0,25
"standard",181,95,85,-999,12,"032_stevens.dat","m",21,1,0,55
"standard",136,113,108,-999,0,"032_stevens.dat","m",21,1,0,15
"standard",219,71,65,-999,28,"032_stevens.dat","m",21,1,0,75
"standard",219,71,65,-999,25,"032_stevens.dat","m",21,1,0,75
"standard",169,101,93,-999,9,"032_stevens.dat","m",21,1,0,45
"standard",255,23,45,-999,40,"032_stevens.dat","m",21,1,0,85
"standard",169,101,93,-999,9,"032_stevens.dat","m",21,1,0,45
"standard",146,109,103,-999,0,"032_stevens.dat","m",21,1,0,25
"standard",197,86,77,-999,17,"032_stevens.dat","m",21,1,0,65
"standard",181,95,85,-999,13,"032_stevens.dat","m",21,1,0,55
"standard",136,113,108,-999,0,"032_stevens.dat","m",21,1,0,15
"standard",181,95,85,-999,13,"032_stevens.dat","m",21,1,0,55
"standard",255,23,45,-999,40,"032_stevens.dat","m",21,1,0,85
"standard",181,95,85,-999,15,"032_stevens.dat","m",21,1,0,55
"standard",169,101,93,-999,8,"032_stevens.dat","m",21,1,0,45
"standard",158,106,98,-999,3,"032_stevens.dat","m",21,1,0,35
"standard",146,109,103,-999,0,"032_stevens.dat","m",21,1,0,25
"standard",158,106,98,-999,6,"032_stevens.dat","m",21,1,0,35
"standard",255,23,45,-999,40,"032_stevens.dat","m",21,1,0,85
"standard",146,109,103,-999,1,"032_stevens.dat","m",21,1,0,25
"standard",219,71,65,-999,25,"032_stevens.dat","m",21,1,0,75
"standard",136,113,108,-999,0,"032_stevens.dat","m",21,1,0,15
"standard",158,106,98,-999,3,"032_stevens.dat","m",21,1,0,35
"standard",255,23,45,-999,35,"032_stevens.dat","m",21,1,0,85
"standard",219,71,65,-999,23,"032_stevens.dat","m",21,1,0,75
"standard",255,23,45,-999,34,"032_stevens.dat","m",21,1,0,85
"standard",158,106,98,-999,9,"032_stevens.dat","m",21,1,0,35
"standard",136,113,108,-999,0,"032_stevens.dat","m",21,1,0,15
"standard",197,86,77,-999,18,"032_stevens.dat","m",21,1,0,65
"standard",169,101,93,-999,9.9,"032_stevens.dat","m",21,1,0,45
"unidirectional",169,101,93,0,15,"033_stevens.dat","w",20,1,0,45
"unidirectional",158,106,98,0,17,"033_stevens.dat","w",20,1,0,35
"unidirectional",255,23,45,1,40,"033_stevens.dat","w",20,1,0,85
"unidirectional",158,106,98,0,20,"033_stevens.dat","w",20,1,0,35
"unidirectional",197,86,77,1,20,"033_stevens.dat","w",20,1,0,65
"unidirectional",169,101,93,0,11,"033_stevens.dat","w",20,1,0,45
"unidirectional",146,109,103,0,30,"033_stevens.dat","w",20,1,0,25
"unidirectional",181,95,85,1,15,"033_stevens.dat","w",20,1,0,55
"unidirectional",158,106,98,0,13,"033_stevens.dat","w",20,1,0,35
"unidirectional",255,23,45,1,50,"033_stevens.dat","w",20,1,0,85
"unidirectional",146,109,103,0,25,"033_stevens.dat","w",20,1,0,25
"unidirectional",146,109,103,0,30,"033_stevens.dat","w",20,1,0,25
"unidirectional",169,101,93,0,11,"033_stevens.dat","w",20,1,0,45
"unidirectional",219,71,65,1,25,"033_stevens.dat","w",20,1,0,75
"unidirectional",197,86,77,1,20,"033_stevens.dat","w",20,1,0,65
"unidirectional",181,95,85,1,13,"033_stevens.dat","w",20,1,0,55
"unidirectional",136,113,108,0,70,"033_stevens.dat","w",20,1,0,15
"unidirectional",136,113,108,0,70,"033_stevens.dat","w",20,1,0,15
"unidirectional",255,23,45,1,50,"033_stevens.dat","w",20,1,0,85
"unidirectional",158,106,98,0,12,"033_stevens.dat","w",20,1,0,35
"unidirectional",146,109,103,0,15,"033_stevens.dat","w",20,1,0,25
"unidirectional",136,113,108,0,70,"033_stevens.dat","w",20,1,0,15
"unidirectional",181,95,85,1,12,"033_stevens.dat","w",20,1,0,55
"unidirectional",255,23,45,1,40,"033_stevens.dat","w",20,1,0,85
"unidirectional",197,86,77,1,20,"033_stevens.dat","w",20,1,0,65
"unidirectional",219,71,65,1,30,"033_stevens.dat","w",20,1,0,75
"unidirectional",219,71,65,1,30,"033_stevens.dat","w",20,1,0,75
"unidirectional",136,113,108,0,60,"033_stevens.dat","w",20,1,0,15
"unidirectional",181,95,85,1,11,"033_stevens.dat","w",20,1,0,55
"unidirectional",169,101,93,0,11,"033_stevens.dat","w",20,1,0,45
"unidirectional",169,101,93,0,11,"033_stevens.dat","w",20,1,0,45
"unidirectional",219,71,65,1,15,"033_stevens.dat","w",20,1,0,75
"unidirectional",197,86,77,1,14,"033_stevens.dat","w",20,1,0,65
"unidirectional",181,95,85,1,11,"033_stevens.dat","w",20,1,0,55
"unidirectional",158,106,98,0,13,"033_stevens.dat","w",20,1,0,35
"unidirectional",197,86,77,1,15,"033_stevens.dat","w",20,1,0,65
"unidirectional",219,71,65,1,30,"033_stevens.dat","w",20,1,0,75
"unidirectional",255,23,45,1,65,"033_stevens.dat","w",20,1,0,85
"unidirectional",146,109,103,0,17,"033_stevens.dat","w",20,1,0,25
"unidirectional",136,113,108,0,70,"033_stevens.dat","w",20,1,0,15
"standard",181,95,85,-999,11,"034_stevens.dat","w",18,1,0,55
"standard",255,23,45,-999,25,"034_stevens.dat","w",18,1,0,85
"standard",197,86,77,-999,11,"034_stevens.dat","w",18,1,0,65
"standard",158,106,98,-999,9,"034_stevens.dat","w",18,1,0,35
"standard",169,101,93,-999,9.9,"034_stevens.dat","w",18,1,0,45
"standard",136,113,108,-999,0,"034_stevens.dat","w",18,1,0,15
"standard",136,113,108,-999,0,"034_stevens.dat","w",18,1,0,15
"standard",181,95,85,-999,11,"034_stevens.dat","w",18,1,0,55
"standard",197,86,77,-999,12,"034_stevens.dat","w",18,1,0,65
"standard",219,71,65,-999,14,"034_stevens.dat","w",18,1,0,75
"standard",158,106,98,-999,9,"034_stevens.dat","w",18,1,0,35
"standard",255,23,45,-999,30,"034_stevens.dat","w",18,1,0,85
"standard",146,109,103,-999,1,"034_stevens.dat","w",18,1,0,25
"standard",158,106,98,-999,6,"034_stevens.dat","w",18,1,0,35
"standard",197,86,77,-999,12,"034_stevens.dat","w",18,1,0,65
"standard",146,109,103,-999,3,"034_stevens.dat","w",18,1,0,25
"standard",136,113,108,-999,0,"034_stevens.dat","w",18,1,0,15
"standard",146,109,103,-999,3,"034_stevens.dat","w",18,1,0,25
"standard",169,101,93,-999,9.9,"034_stevens.dat","w",18,1,0,45
"standard",197,86,77,-999,12,"034_stevens.dat","w",18,1,0,65
"standard",219,71,65,-999,13,"034_stevens.dat","w",18,1,0,75
"standard",255,23,45,-999,25,"034_stevens.dat","w",18,1,0,85
"standard",158,106,98,-999,5,"034_stevens.dat","w",18,1,0,35
"standard",255,23,45,-999,30,"034_stevens.dat","w",18,1,0,85
"standard",146,109,103,-999,1,"034_stevens.dat","w",18,1,0,25
"standard",136,113,108,-999,0,"034_stevens.dat","w",18,1,0,15
"standard",136,113,108,-999,0,"034_stevens.dat","w",18,1,0,15
"standard",255,23,45,-999,30,"034_stevens.dat","w",18,1,0,85
"standard",181,95,85,-999,11,"034_stevens.dat","w",18,1,0,55
"standard",169,101,93,-999,9.9,"034_stevens.dat","w",18,1,0,45
"standard",181,95,85,-999,10.1,"034_stevens.dat","w",18,1,0,55
"standard",169,101,93,-999,9.9,"034_stevens.dat","w",18,1,0,45
"standard",169,101,93,-999,9.9,"034_stevens.dat","w",18,1,0,45
"standard",219,71,65,-999,12,"034_stevens.dat","w",18,1,0,75
"standard",181,95,85,-999,10.1,"034_stevens.dat","w",18,1,0,55
"standard",197,86,77,-999,11,"034_stevens.dat","w",18,1,0,65
"standard",146,109,103,-999,2,"034_stevens.dat","w",18,1,0,25
"standard",219,71,65,-999,12,"034_stevens.dat","w",18,1,0,75
"standard",219,71,65,-999,12,"034_stevens.dat","w",18,1,0,75
"standard",158,106,98,-999,6,"034_stevens.dat","w",18,1,0,35
"unidirectional",255,23,45,0,20,"035_stevens.dat","m",21,1,1,85
"unidirectional",181,95,85,1,22,"035_stevens.dat","m",21,1,1,55
"unidirectional",197,86,77,1,30,"035_stevens.dat","m",21,1,1,65
"unidirectional",136,113,108,0,30,"035_stevens.dat","m",21,1,1,15
"unidirectional",197,86,77,1,20,"035_stevens.dat","m",21,1,1,65
"unidirectional",219,71,65,1,28,"035_stevens.dat","m",21,1,1,75
"unidirectional",146,109,103,0,22,"035_stevens.dat","m",21,1,1,25
"unidirectional",181,95,85,0,11,"035_stevens.dat","m",21,1,1,55
"unidirectional",146,109,103,0,20,"035_stevens.dat","m",21,1,1,25
"unidirectional",146,109,103,0,20,"035_stevens.dat","m",21,1,1,25
"unidirectional",169,101,93,0,11,"035_stevens.dat","m",21,1,1,45
"unidirectional",169,101,93,0,11,"035_stevens.dat","m",21,1,1,45
"unidirectional",197,86,77,1,15,"035_stevens.dat","m",21,1,1,65
"unidirectional",181,95,85,1,15,"035_stevens.dat","m",21,1,1,55
"unidirectional",158,106,98,0,12,"035_stevens.dat","m",21,1,1,35
"unidirectional",169,101,93,0,11,"035_stevens.dat","m",21,1,1,45
"unidirectional",181,95,85,1,12,"035_stevens.dat","m",21,1,1,55
"unidirectional",255,23,45,1,40,"035_stevens.dat","m",21,1,1,85
"unidirectional",181,95,85,1,23,"035_stevens.dat","m",21,1,1,55
"unidirectional",255,23,45,1,50,"035_stevens.dat","m",21,1,1,85
"unidirectional",158,106,98,0,22,"035_stevens.dat","m",21,1,1,35
"unidirectional",169,101,93,0,22,"035_stevens.dat","m",21,1,1,45
"unidirectional",136,113,108,0,30,"035_stevens.dat","m",21,1,1,15
"unidirectional",255,23,45,1,44,"035_stevens.dat","m",21,1,1,85
"unidirectional",146,109,103,0,23,"035_stevens.dat","m",21,1,1,25
"unidirectional",197,86,77,1,13,"035_stevens.dat","m",21,1,1,65
"unidirectional",197,86,77,1,14,"035_stevens.dat","m",21,1,1,65
"unidirectional",136,113,108,0,50,"035_stevens.dat","m",21,1,1,15
"unidirectional",146,109,103,0,25,"035_stevens.dat","m",21,1,1,25
"unidirectional",158,106,98,0,25,"035_stevens.dat","m",21,1,1,35
"unidirectional",219,71,65,1,25,"035_stevens.dat","m",21,1,1,75
"unidirectional",158,106,98,0,12,"035_stevens.dat","m",21,1,1,35
"unidirectional",169,101,93,1,11,"035_stevens.dat","m",21,1,1,45
"unidirectional",255,23,45,1,50,"035_stevens.dat","m",21,1,1,85
"unidirectional",136,113,108,0,24,"035_stevens.dat","m",21,1,1,15
"unidirectional",219,71,65,1,33,"035_stevens.dat","m",21,1,1,75
"unidirectional",219,71,65,1,22,"035_stevens.dat","m",21,1,1,75
"unidirectional",158,106,98,0,11,"035_stevens.dat","m",21,1,1,35
"unidirectional",219,71,65,1,12,"035_stevens.dat","m",21,1,1,75
"unidirectional",136,113,108,0,15,"035_stevens.dat","m",21,1,1,15
"standard",255,23,45,-999,40,"036_stevens.dat","w",21,1,1,85
"standard",158,106,98,-999,9,"036_stevens.dat","w",21,1,1,35
"standard",255,23,45,-999,35,"036_stevens.dat","w",21,1,1,85
"standard",158,106,98,-999,9,"036_stevens.dat","w",21,1,1,35
"standard",158,106,98,-999,8,"036_stevens.dat","w",21,1,1,35
"standard",255,23,45,-999,45,"036_stevens.dat","w",21,1,1,85
"standard",181,95,85,-999,11,"036_stevens.dat","w",21,1,1,55
"standard",197,86,77,-999,13,"036_stevens.dat","w",21,1,1,65
"standard",169,101,93,-999,9,"036_stevens.dat","w",21,1,1,45
"standard",181,95,85,-999,11,"036_stevens.dat","w",21,1,1,55
"standard",181,95,85,-999,11,"036_stevens.dat","w",21,1,1,55
"standard",219,71,65,-999,20,"036_stevens.dat","w",21,1,1,75
"standard",169,101,93,-999,9,"036_stevens.dat","w",21,1,1,45
"standard",255,23,45,-999,50,"036_stevens.dat","w",21,1,1,85
"standard",197,86,77,-999,14,"036_stevens.dat","w",21,1,1,65
"standard",136,113,108,-999,2,"036_stevens.dat","w",21,1,1,15
"standard",219,71,65,-999,15,"036_stevens.dat","w",21,1,1,75
"standard",136,113,108,-999,2,"036_stevens.dat","w",21,1,1,15
"standard",197,86,77,-999,12,"036_stevens.dat","w",21,1,1,65
"standard",146,109,103,-999,4,"036_stevens.dat","w",21,1,1,25
"standard",219,71,65,-999,17,"036_stevens.dat","w",21,1,1,75
"standard",181,95,85,-999,11,"036_stevens.dat","w",21,1,1,55
"standard",146,109,103,-999,6,"036_stevens.dat","w",21,1,1,25
"standard",181,95,85,-999,11,"036_stevens.dat","w",21,1,1,55
"standard",158,106,98,-999,8,"036_stevens.dat","w",21,1,1,35
"standard",146,109,103,-999,6,"036_stevens.dat","w",21,1,1,25
"standard",219,71,65,-999,16,"036_stevens.dat","w",21,1,1,75
"standard",146,109,103,-999,5,"036_stevens.dat","w",21,1,1,25
"standard",169,101,93,-999,9,"036_stevens.dat","w",21,1,1,45
"standard",146,109,103,-999,5,"036_stevens.dat","w",21,1,1,25
"standard",219,71,65,-999,17,"036_stevens.dat","w",21,1,1,75
"standard",197,86,77,-999,15,"036_stevens.dat","w",21,1,1,65
"standard",169,101,93,-999,9,"036_stevens.dat","w",21,1,1,45
"standard",136,113,108,-999,3,"036_stevens.dat","w",21,1,1,15
"standard",169,101,93,-999,9,"036_stevens.dat","w",21,1,1,45
"standard",136,113,108,-999,3,"036_stevens.dat","w",21,1,1,15
"standard",158,106,98,-999,8,"036_stevens.dat","w",21,1,1,35
"standard",197,86,77,-999,17,"036_stevens.dat","w",21,1,1,65
"standard",136,113,108,-999,2,"036_stevens.dat","w",21,1,1,15
"standard",255,23,45,-999,45,"036_stevens.dat","w",21,1,1,85
"unidirectional",169,101,93,0,12,"037_stevens.dat","m",20,1,0,45
"unidirectional",181,95,85,1,14,"037_stevens.dat","m",20,1,0,55
"unidirectional",136,113,108,0,15,"037_stevens.dat","m",20,1,0,15
"unidirectional",181,95,85,1,12,"037_stevens.dat","m",20,1,0,55
"unidirectional",255,23,45,1,17,"037_stevens.dat","m",20,1,0,85
"unidirectional",146,109,103,0,12,"037_stevens.dat","m",20,1,0,25
"unidirectional",197,86,77,1,14,"037_stevens.dat","m",20,1,0,65
"unidirectional",181,95,85,1,12,"037_stevens.dat","m",20,1,0,55
"unidirectional",197,86,77,1,13,"037_stevens.dat","m",20,1,0,65
"unidirectional",181,95,85,1,11,"037_stevens.dat","m",20,1,0,55
"unidirectional",158,106,98,0,11,"037_stevens.dat","m",20,1,0,35
"unidirectional",146,109,103,0,14,"037_stevens.dat","m",20,1,0,25
"unidirectional",169,101,93,1,12,"037_stevens.dat","m",20,1,0,45
"unidirectional",158,106,98,0,14,"037_stevens.dat","m",20,1,0,35
"unidirectional",136,113,108,0,15,"037_stevens.dat","m",20,1,0,15
"unidirectional",169,101,93,0,11,"037_stevens.dat","m",20,1,0,45
"unidirectional",146,109,103,1,13,"037_stevens.dat","m",20,1,0,25
"unidirectional",219,71,65,1,17,"037_stevens.dat","m",20,1,0,75
"unidirectional",197,86,77,1,14,"037_stevens.dat","m",20,1,0,65
"unidirectional",219,71,65,1,16,"037_stevens.dat","m",20,1,0,75
"unidirectional",158,106,98,0,11,"037_stevens.dat","m",20,1,0,35
"unidirectional",255,23,45,1,19,"037_stevens.dat","m",20,1,0,85
"unidirectional",197,86,77,1,14,"037_stevens.dat","m",20,1,0,65
"unidirectional",255,23,45,1,18,"037_stevens.dat","m",20,1,0,85
"unidirectional",219,71,65,1,23,"037_stevens.dat","m",20,1,0,75
"unidirectional",146,109,103,0,11,"037_stevens.dat","m",20,1,0,25
"unidirectional",158,106,98,0,12,"037_stevens.dat","m",20,1,0,35
"unidirectional",158,106,98,0,14,"037_stevens.dat","m",20,1,0,35
"unidirectional",255,23,45,1,17,"037_stevens.dat","m",20,1,0,85
"unidirectional",146,109,103,0,12,"037_stevens.dat","m",20,1,0,25
"unidirectional",255,23,45,1,18,"037_stevens.dat","m",20,1,0,85
"unidirectional",169,101,93,0,12,"037_stevens.dat","m",20,1,0,45
"unidirectional",219,71,65,1,15,"037_stevens.dat","m",20,1,0,75
"unidirectional",197,86,77,1,12,"037_stevens.dat","m",20,1,0,65
"unidirectional",219,71,65,1,13,"037_stevens.dat","m",20,1,0,75
"unidirectional",181,95,85,0,12,"037_stevens.dat","m",20,1,0,55
"unidirectional",136,113,108,0,14,"037_stevens.dat","m",20,1,0,15
"unidirectional",169,101,93,1,11,"037_stevens.dat","m",20,1,0,45
"unidirectional",136,113,108,0,12,"037_stevens.dat","m",20,1,0,15
"unidirectional",136,113,108,0,14,"037_stevens.dat","m",20,1,0,15
"standard",136,113,108,-999,5,"038_stevens.dat","d",24,0,0,15
"standard",146,109,103,-999,9,"038_stevens.dat","d",24,0,0,25
"standard",146,109,103,-999,9,"038_stevens.dat","d",24,0,0,25
"standard",181,95,85,-999,11,"038_stevens.dat","d",24,0,0,55
"standard",255,23,45,-999,20,"038_stevens.dat","d",24,0,0,85
"standard",255,23,45,-999,20,"038_stevens.dat","d",24,0,0,85
"standard",146,109,103,-999,7,"038_stevens.dat","d",24,0,0,25
"standard",136,113,108,-999,5,"038_stevens.dat","d",24,0,0,15
"standard",169,101,93,-999,8,"038_stevens.dat","d",24,0,0,45
"standard",136,113,108,-999,5,"038_stevens.dat","d",24,0,0,15
"standard",158,106,98,-999,8,"038_stevens.dat","d",24,0,0,35
"standard",158,106,98,-999,8,"038_stevens.dat","d",24,0,0,35
"standard",219,71,65,-999,14,"038_stevens.dat","d",24,0,0,75
"standard",255,23,45,-999,19,"038_stevens.dat","d",24,0,0,85
"standard",181,95,85,-999,11,"038_stevens.dat","d",24,0,0,55
"standard",197,86,77,-999,12,"038_stevens.dat","d",24,0,0,65
"standard",197,86,77,-999,12,"038_stevens.dat","d",24,0,0,65
"standard",219,71,65,-999,14,"038_stevens.dat","d",24,0,0,75
"standard",146,109,103,-999,6,"038_stevens.dat","d",24,0,0,25
"standard",169,101,93,-999,5,"038_stevens.dat","d",24,0,0,45
"standard",255,23,45,-999,20,"038_stevens.dat","d",24,0,0,85
"standard",219,71,65,-999,16,"038_stevens.dat","d",24,0,0,75
"standard",136,113,108,-999,5,"038_stevens.dat","d",24,0,0,15
"standard",169,101,93,-999,5,"038_stevens.dat","d",24,0,0,45
"standard",169,101,93,-999,10,"038_stevens.dat","d",24,0,0,45
"standard",136,113,108,-999,4,"038_stevens.dat","d",24,0,0,15
"standard",181,95,85,-999,11,"038_stevens.dat","d",24,0,0,55
"standard",181,95,85,-999,11,"038_stevens.dat","d",24,0,0,55
"standard",158,106,98,-999,9,"038_stevens.dat","d",24,0,0,35
"standard",197,86,77,-999,11,"038_stevens.dat","d",24,0,0,65
"standard",158,106,98,-999,8,"038_stevens.dat","d",24,0,0,35
"standard",181,95,85,-999,11,"038_stevens.dat","d",24,0,0,55
"standard",219,71,65,-999,14,"038_stevens.dat","d",24,0,0,75
"standard",158,106,98,-999,9,"038_stevens.dat","d",24,0,0,35
"standard",255,23,45,-999,20,"038_stevens.dat","d",24,0,0,85
"standard",197,86,77,-999,17,"038_stevens.dat","d",24,0,0,65
"standard",146,109,103,-999,5,"038_stevens.dat","d",24,0,0,25
"standard",169,101,93,-999,11,"038_stevens.dat","d",24,0,0,45
"standard",219,71,65,-999,14,"038_stevens.dat","d",24,0,0,75
"standard",197,86,77,-999,13,"038_stevens.dat","d",24,0,0,65
"unidirectional",219,71,65,1,15,"039_stevens.dat","m",21,1,0,75
"unidirectional",255,23,45,1,20,"039_stevens.dat","m",21,1,0,85
"unidirectional",197,86,77,1,13,"039_stevens.dat","m",21,1,0,65
"unidirectional",136,113,108,0,13,"039_stevens.dat","m",21,1,0,15
"unidirectional",158,106,98,0,11,"039_stevens.dat","m",21,1,0,35
"unidirectional",136,113,108,0,15,"039_stevens.dat","m",21,1,0,15
"unidirectional",219,71,65,1,16,"039_stevens.dat","m",21,1,0,75
"unidirectional",197,86,77,1,14,"039_stevens.dat","m",21,1,0,65
"unidirectional",181,95,85,1,13,"039_stevens.dat","m",21,1,0,55
"unidirectional",255,23,45,1,20,"039_stevens.dat","m",21,1,0,85
"unidirectional",136,113,108,0,16,"039_stevens.dat","m",21,1,0,15
"unidirectional",255,23,45,1,20,"039_stevens.dat","m",21,1,0,85
"unidirectional",158,106,98,0,11,"039_stevens.dat","m",21,1,0,35
"unidirectional",181,95,85,1,12,"039_stevens.dat","m",21,1,0,55
"unidirectional",169,101,93,1,11,"039_stevens.dat","m",21,1,0,45
"unidirectional",197,86,77,1,14,"039_stevens.dat","m",21,1,0,65
"unidirectional",158,106,98,0,11,"039_stevens.dat","m",21,1,0,35
"unidirectional",255,23,45,1,20,"039_stevens.dat","m",21,1,0,85
"unidirectional",169,101,93,0,11,"039_stevens.dat","m",21,1,0,45
"unidirectional",181,95,85,1,12,"039_stevens.dat","m",21,1,0,55
"unidirectional",146,109,103,0,12,"039_stevens.dat","m",21,1,0,25
"unidirectional",197,86,77,1,14,"039_stevens.dat","m",21,1,0,65
"unidirectional",146,109,103,0,16,"039_stevens.dat","m",21,1,0,25
"unidirectional",169,101,93,0,12,"039_stevens.dat","m",21,1,0,45
"unidirectional",158,106,98,0,12,"039_stevens.dat","m",21,1,0,35
"unidirectional",197,86,77,1,13,"039_stevens.dat","m",21,1,0,65
"unidirectional",158,106,98,0,12,"039_stevens.dat","m",21,1,0,35
"unidirectional",146,109,103,0,14,"039_stevens.dat","m",21,1,0,25
"unidirectional",136,113,108,0,16,"039_stevens.dat","m",21,1,0,15
"unidirectional",219,71,65,1,15,"039_stevens.dat","m",21,1,0,75
"unidirectional",169,101,93,1,11,"039_stevens.dat","m",21,1,0,45
"unidirectional",169,101,93,0,11,"039_stevens.dat","m",21,1,0,45
"unidirectional",181,95,85,1,12,"039_stevens.dat","m",21,1,0,55
"unidirectional",219,71,65,1,15,"039_stevens.dat","m",21,1,0,75
"unidirectional",136,113,108,0,11,"039_stevens.dat","m",21,1,0,15
"unidirectional",255,23,45,1,20,"039_stevens.dat","m",21,1,0,85
"unidirectional",181,95,85,1,14,"039_stevens.dat","m",21,1,0,55
"unidirectional",146,109,103,0,12,"039_stevens.dat","m",21,1,0,25
"unidirectional",219,71,65,1,17,"039_stevens.dat","m",21,1,0,75
"unidirectional",146,109,103,0,13,"039_stevens.dat","m",21,1,0,25
"standard",219,71,65,-999,14,"040_stevens.dat","m",22,1,0,75
"standard",181,95,85,-999,12,"040_stevens.dat","m",22,1,0,55
"standard",158,106,98,-999,11,"040_stevens.dat","m",22,1,0,35
"standard",169,101,93,-999,12,"040_stevens.dat","m",22,1,0,45
"standard",197,86,77,-999,14,"040_stevens.dat","m",22,1,0,65
"standard",136,113,108,-999,8,"040_stevens.dat","m",22,1,0,15
"standard",158,106,98,-999,9,"040_stevens.dat","m",22,1,0,35
"standard",255,23,45,-999,20,"040_stevens.dat","m",22,1,0,85
"standard",181,95,85,-999,16,"040_stevens.dat","m",22,1,0,55
"standard",136,113,108,-999,7,"040_stevens.dat","m",22,1,0,15
"standard",146,109,103,-999,8,"040_stevens.dat","m",22,1,0,25
"standard",255,23,45,-999,20,"040_stevens.dat","m",22,1,0,85
"standard",197,86,77,-999,14,"040_stevens.dat","m",22,1,0,65
"standard",158,106,98,-999,12,"040_stevens.dat","m",22,1,0,35
"standard",146,109,103,-999,8,"040_stevens.dat","m",22,1,0,25
"standard",197,86,77,-999,15,"040_stevens.dat","m",22,1,0,65
"standard",146,109,103,-999,7,"040_stevens.dat","m",22,1,0,25
"standard",219,71,65,-999,17,"040_stevens.dat","m",22,1,0,75
"standard",181,95,85,-999,14,"040_stevens.dat","m",22,1,0,55
"standard",255,23,45,-999,18,"040_stevens.dat","m",22,1,0,85
"standard",136,113,108,-999,7,"040_stevens.dat","m",22,1,0,15
"standard",158,106,98,-999,8,"040_stevens.dat","m",22,1,0,35
"standard",169,101,93,-999,9,"040_stevens.dat","m",22,1,0,45
"standard",169,101,93,-999,9,"040_stevens.dat","m",22,1,0,45
"standard",255,23,45,-999,19,"040_stevens.dat","m",22,1,0,85
"standard",197,86,77,-999,16,"040_stevens.dat","m",22,1,0,65
"standard",219,71,65,-999,15,"040_stevens.dat","m",22,1,0,75
"standard",158,106,98,-999,8,"040_stevens.dat","m",22,1,0,35
"standard",197,86,77,-999,13,"040_stevens.dat","m",22,1,0,65
"standard",219,71,65,-999,16,"040_stevens.dat","m",22,1,0,75
"standard",255,23,45,-999,18,"040_stevens.dat","m",22,1,0,85
"standard",219,71,65,-999,15,"040_stevens.dat","m",22,1,0,75
"standard",146,109,103,-999,8,"040_stevens.dat","m",22,1,0,25
"standard",169,101,93,-999,11,"040_stevens.dat","m",22,1,0,45
"standard",181,95,85,-999,14,"040_stevens.dat","m",22,1,0,55
"standard",181,95,85,-999,13,"040_stevens.dat","m",22,1,0,55
"standard",136,113,108,-999,5,"040_stevens.dat","m",22,1,0,15
"standard",136,113,108,-999,6,"040_stevens.dat","m",22,1,0,15
"standard",169,101,93,-999,9,"040_stevens.dat","m",22,1,0,45
"standard",146,109,103,-999,8,"040_stevens.dat","m",22,1,0,25
